"species","lon","lat"
"Pilostigma Thonigilii/Monkey Bread",29.8300417,-16.5855059
"Waterberry",29.7939065,-16.5465969
"Pilostigma Thonigilii/Monkey Bread",29.8364648,-16.5593445
"Waterberry",29.8388289,-16.5572548
"Acacia Polycantha",29.7040188,-16.3886648
"Acacia Polycantha",29.703868,-16.3882116
"Pilostigma Thonigilii/Monkey Bread",29.7038695,-16.3881731
"Acacia Siebriana",29.58901,-16.4302833
"Acacia Polycantha",29.6685672,-16.337527
"Pilostigma Thonigilii/Monkey Bread",29.6685672,-16.337527
"Acacia Polycantha",29.5894167,-16.430505
"Acacia Siebriana",29.5893733,-16.430595
"Acacia Siebriana",29.5895883,-16.4303316
"Acacia Siebriana",29.589555,-16.4303133
"Kigelia Africana",29.6685672,-16.337527
"Acacia Polycantha",29.6685672,-16.337527
"Kigelia Africana",29.5918033,-16.4313883
"Pilostigma Thonigilii/Monkey Bread",29.5924933,-16.43149
"Pilostigma Thonigilii/Monkey Bread",29.5916817,-16.4334366
"Pilostigma Thonigilii/Monkey Bread",29.591665,-16.4334616
"Acacia Siebriana",29.5909933,-16.4336666
"Pilostigma Thonigilii/Monkey Bread",29.5896367,-16.4349833
"Kigelia Africana",29.3981367,-16.9054598
"Pilostigma Thonigilii/Monkey Bread",29.1137332,-16.8974464
"Pilostigma Thonigilii/Monkey Bread",29.5938631,-16.457781
"Pilostigma Thonigilii/Monkey Bread",29.5938595,-16.4577791
"Acacia Galpinii",29.4182899,-16.8575786
"Acacia Polycantha",29.6935114,-16.4025897
"Pilostigma Thonigilii/Monkey Bread",29.3643233,-16.9023175
"Pilostigma Thonigilii/Monkey Bread",29.3649494,-16.9009879
"Pilostigma Thonigilii/Monkey Bread",29.3959461,-16.9028171
"Pilostigma Thonigilii/Monkey Bread",29.3963687,-16.901115
"Pilostigma Thonigilii/Monkey Bread",29.3998492,-16.8988062
"Pilostigma Thonigilii/Monkey Bread",29.3999223,-16.8988832
"Pilostigma Thonigilii/Monkey Bread",29.4017408,-16.8997923
"Pilostigma Thonigilii/Monkey Bread",29.4037148,-16.9030327
"Pilostigma Thonigilii/Monkey Bread",29.4037418,-16.903031
"Pilostigma Thonigilii/Monkey Bread",29.4045523,-16.9053306
"Pilostigma Thonigilii/Monkey Bread",29.4043407,-16.9089416
"Pilostigma Thonigilii/Monkey Bread",29.4051365,-16.9114606
"Pilostigma Thonigilii/Monkey Bread",29.4036635,-16.9153906
"Pilostigma Thonigilii/Monkey Bread",29.4253688,-16.8596813
"Pilostigma Thonigilii/Monkey Bread",29.4095137,-16.9161335
"Pilostigma Thonigilii/Monkey Bread",29.4012259,-16.9087802
"Pilostigma Thonigilii/Monkey Bread",29.4011896,-16.9088041
"Red Mahogany",29.3948543,-16.9769449
"Trichilia Emetica",29.3956577,-16.9759361
"Pilostigma Thonigilii/Monkey Bread",29.395692,-16.9757574
"Pilostigma Thonigilii/Monkey Bread",29.3959505,-16.9755363
"Pilostigma Thonigilii/Monkey Bread",29.3961434,-16.9755905
"Munyii/Bechemia discolor",29.3962619,-16.9756201
"Munyii/Bechemia discolor",29.3967622,-16.9754455
"Pilostigma Thonigilii/Monkey Bread",29.3973545,-16.9753138
"Trichilia Emetica",29.3974184,-16.9747061
"Pilostigma Thonigilii/Monkey Bread",29.3972248,-16.9743448
"Trichilia Emetica",29.397143,-16.9734495
"Trichilia Emetica",29.397433,-16.9729653
"Trichilia Emetica",29.3975775,-16.9728569
"Trichilia Emetica",29.397783,-16.9727026
"Munyii/Bechemia discolor",29.3980038,-16.9723053
"Pilostigma Thonigilii/Monkey Bread",29.3981036,-16.9719357
"Munyii/Bechemia discolor",29.3977258,-16.9709415
"Pilostigma Thonigilii/Monkey Bread",29.3970965,-16.9699786
"Red Mahogany",29.3969178,-16.9696822
"Pilostigma Thonigilii/Monkey Bread",29.3969,-16.9696863
"Red Mahogany",29.3963235,-16.9690988
"Red Mahogany",29.3961265,-16.9684247
"Trichilia Emetica",29.3956108,-16.9681402
"Trichilia Emetica",29.3955972,-16.9681285
"Trichilia Emetica",29.3947577,-16.9667783
"Pilostigma Thonigilii/Monkey Bread",29.3951826,-16.9656811
"Pilostigma Thonigilii/Monkey Bread",29.3956258,-16.9627066
"Red Mahogany",29.3962124,-16.9611862
"Pilostigma Thonigilii/Monkey Bread",29.3977276,-16.9596593
"Trichilia Emetica",29.3995191,-16.9588256
"Pilostigma Thonigilii/Monkey Bread",29.3978961,-16.9432647
"Pilostigma Thonigilii/Monkey Bread",29.398156,-16.9435536
"Acacia Siebriana",29.398199,-16.9436056
"Acacia Polycantha",29.3984268,-16.943819
"Acacia Polycantha",29.3984688,-16.9439228
"Acacia Siebriana",29.3983474,-16.9444074
"Acacia Siebriana",29.3979681,-16.9443164
"Acacia Polycantha",29.3978372,-16.9437375
"Pilostigma Thonigilii/Monkey Bread",29.3987556,-16.9435753
"Pilostigma Thonigilii/Monkey Bread",29.3993953,-16.9438437
"Acacia Siebriana",29.4000774,-16.9441807
"Acacia Siebriana",29.4007291,-16.9445761
"Acacia Siebriana",29.4011571,-16.9449194
"Pilostigma Thonigilii/Monkey Bread",29.4019309,-16.9457356
"Munyii/Bechemia discolor",29.4020399,-16.945893
"Acacia Siebriana",29.4021206,-16.9463981
"Acacia Siebriana",29.402261,-16.9486626
"Acacia Polycantha",29.6016035,-16.4654425
"Acacia Polycantha",29.3736367,-16.76952
"Acacia Polycantha",29.299658,-16.7108058
"Pilostigma Thonigilii/Monkey Bread",29.5938602,-16.4577602
"Pilostigma Thonigilii/Monkey Bread",29.2552404,-17.0020698
"Kigelia Africana",29.2554927,-16.9991642
"Munyii/Bechemia discolor",29.2554935,-16.9991638
"Pilostigma Thonigilii/Monkey Bread",29.3002998,-16.711746
"Acacia Galpinii",29.2890922,-16.7143236
"Waterberry",29.2890133,-16.7143603
"Red Mahogany",29.2890148,-16.7143271
"Pilostigma Thonigilii/Monkey Bread",29.1856548,-17.0506568
"Acacia Siebriana",29.6298831,-16.4742617
"Acacia Siebriana",29.4150284,-16.8822484
"Munyii/Bechemia discolor",29.4259915,-16.8648769
"Pilostigma Thonigilii/Monkey Bread",29.454486,-16.8952503
"Acacia Polycantha",29.6221111,-16.4791369
"Pilostigma Thonigilii/Monkey Bread",29.6217789,-16.4791896
"Pilostigma Thonigilii/Monkey Bread",29.6207885,-16.480043
"Acacia Siebriana",29.6203985,-16.4806754
"Pilostigma Thonigilii/Monkey Bread",29.6197526,-16.4829776
"Pilostigma Thonigilii/Monkey Bread",29.6218413,-16.4813614
"Pilostigma Thonigilii/Monkey Bread",29.3655841,-16.8916262
"Pilostigma Thonigilii/Monkey Bread",29.4253688,-16.8606784
"Acacia Polycantha",29.3508861,-16.8942652
"Acacia Polycantha",29.3509229,-16.8942229
"Pilostigma Thonigilii/Monkey Bread",29.350923,-16.8942225
"Pilostigma Thonigilii/Monkey Bread",29.3518899,-16.894488
"Acacia Polycantha",29.3522194,-16.894058
"Pilostigma Thonigilii/Monkey Bread",29.3585399,-16.8921164
"Pilostigma Thonigilii/Monkey Bread",29.3643363,-16.894728
"Pilostigma Thonigilii/Monkey Bread",29.3702766,-16.8960715
"Pilostigma Thonigilii/Monkey Bread",29.3642843,-16.8918314
"Acacia Polycantha",29.3507189,-16.8940154
"Acacia Polycantha",29.3511118,-16.8940564
"Pilostigma Thonigilii/Monkey Bread",29.351264,-16.8939839
"Pilostigma Thonigilii/Monkey Bread",29.355723,-16.8928062
"Pilostigma Thonigilii/Monkey Bread",29.3637037,-16.8940124
"Pilostigma Thonigilii/Monkey Bread",29.3763938,-16.8962637
"Pilostigma Thonigilii/Monkey Bread",29.356353,-16.7621437
"Pilostigma Thonigilii/Monkey Bread",29.3549026,-16.7482942
"Acacia Polycantha",29.5534287,-16.5186408
"Pilostigma Thonigilii/Monkey Bread",29.4552727,-17.0032983
"Waterberry",29.4578108,-17.0017102
"Waterberry",29.4672175,-16.9970941
"Kigelia Africana",29.4651569,-16.9971154
"Pilostigma Thonigilii/Monkey Bread",29.45297,-17.0013262
"Pilostigma Thonigilii/Monkey Bread",29.6651655,-16.3895709
"Acacia Polycantha",29.6646246,-16.389339
"Pilostigma Thonigilii/Monkey Bread",29.6607104,-16.3895406
"Pilostigma Thonigilii/Monkey Bread",29.5780214,-16.3837888
"Pilostigma Thonigilii/Monkey Bread",29.5780214,-16.3837888
"Pilostigma Thonigilii/Monkey Bread",29.5780214,-16.3837888
"Acacia Siebriana",29.5780214,-16.3837888
"Acacia Polycantha",29.5780214,-16.3837888
"Pilostigma Thonigilii/Monkey Bread",29.5780472,-16.3838807
"Acacia Siebriana",29.5780472,-16.3838807
"Acacia Polycantha",29.5780472,-16.3838807
"Acacia Polycantha",29.5780472,-16.3838807
"Pilostigma Thonigilii/Monkey Bread",29.5951399,-16.378348
"Acacia Siebriana",29.5951905,-16.3782709
"Acacia Polycantha",29.5950416,-16.3782209
"Acacia Galpinii",29.5906167,-16.3690353
"Acacia Galpinii",29.5779281,-16.3619278
"Acacia Galpinii",29.5703853,-16.3577791
"Acacia Siebriana",29.5703435,-16.3578928
"Acacia Galpinii",29.5699323,-16.3577314
"Pilostigma Thonigilii/Monkey Bread",29.5696682,-16.3579681
"Acacia Polycantha",29.5695073,-16.3581447
"Pilostigma Thonigilii/Monkey Bread",29.569184,-16.3582538
"Munyii/Bechemia discolor",29.5687669,-16.3584503
"Acacia Polycantha",29.5684848,-16.3586973
"Pilostigma Thonigilii/Monkey Bread",29.5683261,-16.3589312
"Acacia Polycantha",29.5675178,-16.3593965
"Pilostigma Thonigilii/Monkey Bread",29.56737,-16.3596222
"Pilostigma Thonigilii/Monkey Bread",29.5670895,-16.3600758
"Pilostigma Thonigilii/Monkey Bread",29.5667697,-16.3601867
"Acacia Polycantha",29.5661452,-16.3606894
"Pilostigma Thonigilii/Monkey Bread",29.5658742,-16.3607797
"Acacia Polycantha",29.565772,-16.3605172
"Pilostigma Thonigilii/Monkey Bread",29.6402505,-16.3477927
"Pilostigma Thonigilii/Monkey Bread",29.6402505,-16.3477927
"Pilostigma Thonigilii/Monkey Bread",29.6402505,-16.3477927
"Acacia Siebriana",29.6622254,-16.3454763
"Acacia Siebriana",29.6668622,-16.3524796
"Waterberry",29.6672636,-16.3526201
"Pilostigma Thonigilii/Monkey Bread",29.6668239,-16.3524478
"Acacia Polycantha",29.6662714,-16.3522266
"Acacia Siebriana",29.6662705,-16.352227
"Acacia Polycantha",29.6737306,-16.3483333
"Kigelia Africana",29.6785636,-16.3464876
"Pilostigma Thonigilii/Monkey Bread",29.6791042,-16.3465366
"Pilostigma Thonigilii/Monkey Bread",29.6631351,-16.3377007
"Pilostigma Thonigilii/Monkey Bread",29.6865671,-16.3468246
"Pilostigma Thonigilii/Monkey Bread",29.6645837,-16.3381395
"Acacia Polycantha",29.59432,-16.3782916
"Acacia Siebriana",29.5942517,-16.3783283
"Pilostigma Thonigilii/Monkey Bread",29.5940833,-16.3785366
"Pilostigma Thonigilii/Monkey Bread",29.4165233,-16.9345283
"Pilostigma Thonigilii/Monkey Bread",29.4180638,-16.9347123
"Acacia Siebriana",29.4188479,-16.9348875
"Pilostigma Thonigilii/Monkey Bread",29.4196634,-16.935554
"Pilostigma Thonigilii/Monkey Bread",29.4195528,-16.9358463
"Waterberry",29.4192924,-16.9370313
"Pilostigma Thonigilii/Monkey Bread",29.4193807,-16.9373555
"Waterberry",29.4190943,-16.937501
"Waterberry",29.4190143,-16.9375554
"Pilostigma Thonigilii/Monkey Bread",29.42157,-16.9433768
"Pilostigma Thonigilii/Monkey Bread",29.4226059,-16.944104
"Pilostigma Thonigilii/Monkey Bread",29.4223617,-16.9438368
"Pilostigma Thonigilii/Monkey Bread",29.421352,-16.9432038
"Waterberry",29.4190124,-16.9370915
"Trichilia Emetica",29.1860658,-16.8987266
"Munyii/Bechemia discolor",29.1861694,-16.8983266
"Kigelia Africana",29.188206,-16.8948949
"Acacia Polycantha",29.3982899,-16.7822477
"Acacia Polycantha",29.3878427,-16.747912
"Acacia Polycantha",29.3861801,-16.7582085
"Kigelia Africana",29.3853052,-16.7652861
"Acacia Siebriana",29.3854808,-16.767762
"Acacia Polycantha",29.3890365,-16.7706955
"Acacia Siebriana",29.7039082,-16.3880099
"Pilostigma Thonigilii/Monkey Bread",29.7038901,-16.3883617
"Acacia Polycantha",29.704104,-16.3890766
"Acacia Polycantha",29.7067234,-16.3946836
"Pilostigma Thonigilii/Monkey Bread",29.7070595,-16.3948695
"Pilostigma Thonigilii/Monkey Bread",29.7072291,-16.3949345
"Acacia Polycantha",29.7073721,-16.3950825
"Acacia Polycantha",29.7081045,-16.395364
"Acacia Polycantha",29.7083273,-16.395428
"Acacia Polycantha",29.7087144,-16.3960225
"Acacia Polycantha",29.7087144,-16.3960224
"Acacia Polycantha",29.7087144,-16.3960224
"Acacia Polycantha",29.7087216,-16.3960293
"Acacia Polycantha",29.7087381,-16.3960352
"Acacia Polycantha",29.7087485,-16.3960438
"Acacia Polycantha",29.7087582,-16.3960516
"Acacia Polycantha",29.7087684,-16.3960583
"Acacia Polycantha",29.7087813,-16.3960643
"Acacia Polycantha",29.7087942,-16.3960695
"Acacia Polycantha",29.7088078,-16.3960766
"Acacia Polycantha",29.7088202,-16.3960841
"Acacia Polycantha",29.7088333,-16.3960902
"Acacia Polycantha",29.7088459,-16.3960948
"Acacia Polycantha",29.7088594,-16.396098
"Acacia Polycantha",29.708873,-16.396101
"Acacia Polycantha",29.708887,-16.3961044
"Acacia Polycantha",29.708901,-16.3961091
"Acacia Siebriana",29.7094685,-16.3962812
"Pilostigma Thonigilii/Monkey Bread",29.7117733,-16.3975755
"Pilostigma Thonigilii/Monkey Bread",29.3831746,-16.907093
"Kigelia Africana",29.3494051,-16.9088437
"Pilostigma Thonigilii/Monkey Bread",29.3480286,-16.911947
"Munyii/Bechemia discolor",29.3507955,-16.9174227
"Munyii/Bechemia discolor",29.3527827,-16.9197757
"Pilostigma Thonigilii/Monkey Bread",29.3553316,-16.9223475
"Kigelia Africana",29.3597945,-16.9187376
"Pilostigma Thonigilii/Monkey Bread",29.3604582,-16.9183422
"Pilostigma Thonigilii/Monkey Bread",29.3605672,-16.918229
"Pilostigma Thonigilii/Monkey Bread",29.3621792,-16.9175742
"Pilostigma Thonigilii/Monkey Bread",29.3622482,-16.9175604
"Pilostigma Thonigilii/Monkey Bread",29.3623042,-16.9175366
"Pilostigma Thonigilii/Monkey Bread",29.3626989,-16.9172541
"Pilostigma Thonigilii/Monkey Bread",29.3649734,-16.9156819
"Pilostigma Thonigilii/Monkey Bread",29.3713311,-16.9071719
"Pilostigma Thonigilii/Monkey Bread",29.6193999,-16.463324
"Acacia Siebriana",29.628038,-16.4671482
"Acacia Polycantha",29.6205683,-16.4752406
"Pilostigma Thonigilii/Monkey Bread",29.6203675,-16.4744211
"Acacia Polycantha",29.6194306,-16.4733385
"Acacia Polycantha",29.6191808,-16.4723601
"Pilostigma Thonigilii/Monkey Bread",29.6191409,-16.4715846
"Pilostigma Thonigilii/Monkey Bread",29.617706,-16.4683903
"Acacia Polycantha",29.6176142,-16.4682242
"Pilostigma Thonigilii/Monkey Bread",29.6167287,-16.4670265
"Acacia Siebriana",29.1170653,-17.0497533
"Acacia Siebriana",29.1170742,-17.0497373
"Acacia Polycantha",29.1170289,-17.0497503
"Kigelia Africana",29.1170498,-17.0497359
"Fidebhia Abida",29.1170331,-17.0497265
"Pilostigma Thonigilii/Monkey Bread",29.1170631,-17.0497232
"Munyii/Bechemia discolor",29.1170335,-17.0497369
"Acacia Polycantha",29.4170178,-16.8454773
"Acacia Siebriana",29.4174379,-16.8452326
"Acacia Polycantha",29.4178533,-16.8450295
"Acacia Polycantha",29.4197545,-16.8437477
"Acacia Siebriana",29.4202244,-16.8431861
"Acacia Siebriana",29.421945,-16.8420283
"Pilostigma Thonigilii/Monkey Bread",29.4177069,-16.3898108
"Pilostigma Thonigilii/Monkey Bread",29.4193643,-16.4044917
"Kigelia Africana",29.4429173,-16.4008296
"Acacia Siebriana",29.4441568,-16.3997973
"Acacia Polycantha",29.4564728,-16.3927908
"Pilostigma Thonigilii/Monkey Bread",29.4572475,-16.3925582
"Acacia Galpinii",29.4582989,-16.3922749
"Acacia Polycantha",29.458327,-16.391889
"Acacia Galpinii",29.4582954,-16.3912788
"Acacia Polycantha",29.4756412,-16.3808096
"Pilostigma Thonigilii/Monkey Bread",29.4590397,-16.389465
"Acacia Siebriana",29.4586124,-16.3897918
"Pilostigma Thonigilii/Monkey Bread",29.420636,-16.4042276
"Acacia Siebriana",29.4097788,-16.4010713
"Acacia Polycantha",29.5823317,-16.4277532
"Acacia Polycantha",29.5935165,-16.4316613
"Acacia Polycantha",29.5945752,-16.4313859
"Pilostigma Thonigilii/Monkey Bread",29.6050814,-16.442634
"Pilostigma Thonigilii/Monkey Bread",29.6332401,-16.3208677
"Pilostigma Thonigilii/Monkey Bread",29.6318265,-16.3235413
"Acacia Siebriana",29.6497862,-16.3156494
"Pilostigma Thonigilii/Monkey Bread",29.6361557,-16.3116158
"Kigelia Africana",29.6409514,-16.3138976
"Munyii/Bechemia discolor",29.0677817,-17.0035866
"Pilostigma Thonigilii/Monkey Bread",29.2608297,-16.9869587
"Pilostigma Thonigilii/Monkey Bread",29.2741372,-16.9841212
"Munyii/Bechemia discolor",29.275836,-16.9834749
"Acacia Polycantha",29.2845877,-16.9794826
"Acacia Siebriana",29.3143424,-16.7126898
"Pilostigma Thonigilii/Monkey Bread",29.3137764,-16.7127171
"Pilostigma Thonigilii/Monkey Bread",29.3137764,-16.7127171
"Acacia Siebriana",29.3076882,-16.7135789
"Red Mahogany",29.3071851,-16.7139744
"Red Mahogany",29.3063954,-16.7135884
"Acacia Polycantha",29.305319,-16.7136791
"Kigelia Africana",29.3050882,-16.7141372
"Pilostigma Thonigilii/Monkey Bread",29.3048371,-16.7141585
"Pilostigma Thonigilii/Monkey Bread",29.3039309,-16.7134097
"Pilostigma Thonigilii/Monkey Bread",29.3017114,-16.7113602
"Munyii/Bechemia discolor",29.3014511,-16.7102821
"Waterberry",29.4892645,-16.9895194
"Waterberry",29.4977995,-16.9883878
"Pilostigma Thonigilii/Monkey Bread",29.5012534,-16.9895731
"Pilostigma Thonigilii/Monkey Bread",29.4876373,-16.9944772
"Pilostigma Thonigilii/Monkey Bread",29.4752527,-16.9979356
"Pilostigma Thonigilii/Monkey Bread",29.4605439,-16.9919581
"Acacia Galpinii",29.6694654,-16.3944634
"Acacia Siebriana",29.6679465,-16.3943018
"Acacia Galpinii",29.669647,-16.3932607
"Acacia Galpinii",29.6799644,-16.396224
"Pilostigma Thonigilii/Monkey Bread",29.409311,-16.3987806
"Pilostigma Thonigilii/Monkey Bread",29.4086923,-16.3977642
"Waterberry",29.4088601,-16.3975981
"Acacia Siebriana",29.4088505,-16.3971302
"Pilostigma Thonigilii/Monkey Bread",29.4091138,-16.3965388
"Acacia Polycantha",29.4092743,-16.396411
"Acacia Siebriana",29.4103089,-16.3955505
"Acacia Siebriana",29.4095997,-16.3960408
"Acacia Polycantha",29.5655552,-16.3669213
"Acacia Polycantha",29.5656962,-16.3669599
"Pilostigma Thonigilii/Monkey Bread",29.5660577,-16.3670855
"Pilostigma Thonigilii/Monkey Bread",29.5667059,-16.3673242
"Fidebhia Abida",29.5668699,-16.3676333
"Acacia Polycantha",29.376496,-16.7627279
"Kigelia Africana",29.3988862,-16.7833312
"Acacia Polycantha",29.1923425,-16.8827714
"Acacia Polycantha",29.1926361,-16.8829356
"Acacia Polycantha",29.1927322,-16.8829367
"Acacia Polycantha",29.6228709,-16.4746548
"Acacia Siebriana",29.6233054,-16.4745052
"Acacia Polycantha",29.6232673,-16.4746281
"Acacia Siebriana",29.6231438,-16.4752131
"Acacia Polycantha",29.3726635,-16.7568108
"Pilostigma Thonigilii/Monkey Bread",29.6334758,-16.3149039
"Pilostigma Thonigilii/Monkey Bread",29.6388403,-16.32295
"Acacia Siebriana",29.6442048,-16.330996
"Pilostigma Thonigilii/Monkey Bread",29.6339641,-16.3306851
"Pilostigma Thonigilii/Monkey Bread",29.6358817,-16.3473345
"Acacia Siebriana",29.6415691,-16.3388143
"Acacia Siebriana",29.6311655,-16.3236158
"Acacia Polycantha",29.6311655,-16.3236158
"Pilostigma Thonigilii/Monkey Bread",29.6494338,-16.3509881
"Pilostigma Thonigilii/Monkey Bread",29.6689754,-16.3541495
"Pilostigma Thonigilii/Monkey Bread",29.6695156,-16.3539532
"Pilostigma Thonigilii/Monkey Bread",29.6788055,-16.3394882
"Acacia Polycantha",29.6787392,-16.339105
"Pilostigma Thonigilii/Monkey Bread",29.6786752,-16.3388513
"Acacia Polycantha",29.6786636,-16.3387476
"Acacia Polycantha",29.6786474,-16.3386894
"Pilostigma Thonigilii/Monkey Bread",29.6786423,-16.3386869
"Acacia Siebriana",29.3419214,-16.7277414
"Acacia Siebriana",29.3390672,-16.7286227
"Acacia Polycantha",29.3440525,-16.7313283
"Acacia Siebriana",29.358245,-16.7076419
"Pilostigma Thonigilii/Monkey Bread",29.3541838,-16.7191944
"Acacia Siebriana",29.3542653,-16.719135
"Acacia Polycantha",29.8335849,-16.5591923
"Acacia Siebriana",29.8348118,-16.5587042
"Acacia Siebriana",-46548.6539,316354.2972
"Kigelia Africana",29.3493389,-16.8293836
"Pilostigma Thonigilii/Monkey Bread",29.3586795,-16.7317324
"Acacia Galpinii",29.3505822,-16.800213
"Acacia Galpinii",29.3498543,-16.799001
"Acacia Polycantha",29.5985988,-16.4381456
"Pilostigma Thonigilii/Monkey Bread",29.598822,-16.4382461
"Acacia Siebriana",29.6024751,-16.4412317
"Pilostigma Thonigilii/Monkey Bread",29.6079646,-16.440803
"Pilostigma Thonigilii/Monkey Bread",29.6240825,-16.4630481
"Acacia Siebriana",29.6192247,-16.4607137
"Acacia Polycantha",29.7092629,-16.3767
"Pilostigma Thonigilii/Monkey Bread",29.5215233,-16.5101033
"Acacia Polycantha",29.521525,-16.5100766
"Pilostigma Thonigilii/Monkey Bread",29.5209433,-16.5118416
"Pilostigma Thonigilii/Monkey Bread",29.5209883,-16.5181483
"Pilostigma Thonigilii/Monkey Bread",29.521,-16.5181666
"Acacia Siebriana",29.5214983,-16.523205
"Acacia Siebriana",29.5217717,-16.5238883
"Pilostigma Thonigilii/Monkey Bread",29.5289859,-16.5229845
"Acacia Galpinii",29.664432,-16.3513721
"Pilostigma Thonigilii/Monkey Bread",29.6644983,-16.3514408
"Acacia Polycantha",29.6645397,-16.3515115
"Acacia Polycantha",29.6645811,-16.3514054
"Waterberry",29.6646212,-16.3512331
"Acacia Polycantha",29.6645484,-16.3511875
"Acacia Polycantha",29.6642069,-16.3506969
"Acacia Polycantha",29.6642038,-16.3506088
"Acacia Polycantha",29.6631667,-16.3490536
"Acacia Polycantha",29.6630538,-16.3489817
"Acacia Polycantha",29.6629059,-16.3489842
"Pilostigma Thonigilii/Monkey Bread",29.4102567,-16.3993016
"Acacia Siebriana",29.4164917,-16.3895333
"Acacia Galpinii",29.2921303,-16.7117704
"Pilostigma Thonigilii/Monkey Bread",29.2767569,-16.7127261
"Acacia Galpinii",29.5744012,-16.3957012
"Acacia Siebriana",29.5745524,-16.395719
"Pilostigma Thonigilii/Monkey Bread",29.5864871,-16.3727597
"Pilostigma Thonigilii/Monkey Bread",29.5858226,-16.372723
"Acacia Polycantha",29.5858015,-16.3727971
"Acacia Siebriana",29.5856153,-16.373119
"Pilostigma Thonigilii/Monkey Bread",29.5857189,-16.3738109
"Acacia Polycantha",29.5855906,-16.374104
"Acacia Siebriana",29.5854206,-16.3743564
"Pilostigma Thonigilii/Monkey Bread",29.5835047,-16.3780473
"Acacia Siebriana",29.5835357,-16.3780576
"Pilostigma Thonigilii/Monkey Bread",29.5834717,-16.3786692
"Acacia Polycantha",29.5834617,-16.3791867
"Acacia Polycantha",29.5834993,-16.3794831
"Acacia Polycantha",29.583104,-16.3800353
"Pilostigma Thonigilii/Monkey Bread",29.5830043,-16.3804085
"Acacia Polycantha",29.5830043,-16.3804418
"Pilostigma Thonigilii/Monkey Bread",29.5832136,-16.3822085
"Pilostigma Thonigilii/Monkey Bread",29.5835327,-16.3829313
"Pilostigma Thonigilii/Monkey Bread",29.5833998,-16.3832386
"Acacia Siebriana",29.5811053,-16.38565
"Acacia Galpinii",29.287343,-16.7230286
"Acacia Galpinii",29.6885736,-16.3995752
"Pilostigma Thonigilii/Monkey Bread",29.6913122,-16.400331
"Pilostigma Thonigilii/Monkey Bread",29.693499,-16.4182186
"Pilostigma Thonigilii/Monkey Bread",29.6971549,-16.411324
"Acacia Polycantha",29.7012549,-16.3940901
"Pilostigma Thonigilii/Monkey Bread",29.7013083,-16.3935727
"Acacia Galpinii",29.6714276,-16.3938666
"Acacia Polycantha",29.6660749,-16.3902516
"Acacia Polycantha",29.6635503,-16.3922417
"Acacia Galpinii",29.260575,-16.7116086
"Acacia Polycantha",29.2605589,-16.7114903
"Acacia Siebriana",29.4813725,-16.9790745
"Pilostigma Thonigilii/Monkey Bread",29.4800471,-16.9709975
"Pilostigma Thonigilii/Monkey Bread",29.399028,-16.9055678
"Acacia Galpinii",28.9905143,-17.0069842
"Acacia Galpinii",29.0336133,-17.0298616
"Fidebhia Abida",29.0305497,-17.0318016
"Pilostigma Thonigilii/Monkey Bread",29.4467966,-17.0029952
"Waterberry",29.4451767,-17.0030751
"Acacia Polycantha",29.4409081,-17.0038884
"Pilostigma Thonigilii/Monkey Bread",29.4386474,-17.0052271
"Acacia Polycantha",29.4398353,-17.0057442
"Waterberry",29.4408611,-17.006238
"Pilostigma Thonigilii/Monkey Bread",29.4442034,-17.0069895
"Waterberry",29.4472144,-17.0076218
"Pilostigma Thonigilii/Monkey Bread",29.452404,-17.0045998
"Pilostigma Thonigilii/Monkey Bread",29.4554217,-17.0010663
"Pilostigma Thonigilii/Monkey Bread",29.3961176,-16.9076261
"Pilostigma Thonigilii/Monkey Bread",29.3833964,-16.8995124
"Pilostigma Thonigilii/Monkey Bread",29.3831049,-16.8992348
"Pilostigma Thonigilii/Monkey Bread",29.3818322,-16.8990728
"Acacia Polycantha",29.3863071,-16.9014755
"Pilostigma Thonigilii/Monkey Bread",29.3954033,-16.9069025
"Pilostigma Thonigilii/Monkey Bread",29.3832932,-16.8996326
"Pilostigma Thonigilii/Monkey Bread",29.38315,-16.8995888
"Pilostigma Thonigilii/Monkey Bread",29.3827179,-16.899711
"Pilostigma Thonigilii/Monkey Bread",29.3820521,-16.8993575
"Acacia Polycantha",29.6583991,-16.3983933
"Pilostigma Thonigilii/Monkey Bread",29.6754476,-16.3500298
"Kigelia Africana",29.6669013,-16.3959644
"Pilostigma Thonigilii/Monkey Bread",29.5918783,-16.43366
"Acacia Siebriana",29.5916883,-16.4337416
"Pilostigma Thonigilii/Monkey Bread",29.5914083,-16.43372
"Acacia Siebriana",29.59127,-16.4337133
"Acacia Siebriana",29.5911583,-16.4337166
"Pilostigma Thonigilii/Monkey Bread",29.5910167,-16.4337133
"Acacia Siebriana",29.5910383,-16.4337333
"Pilostigma Thonigilii/Monkey Bread",29.5924967,-16.4340566
"Acacia Siebriana",29.5934683,-16.434895
"Pilostigma Thonigilii/Monkey Bread",29.59354,-16.435055
"Acacia Polycantha",29.59357,-16.4355116
"Pilostigma Thonigilii/Monkey Bread",29.5937617,-16.43581
"Acacia Siebriana",29.5918517,-16.4452216
"Acacia Polycantha",29.590375,-16.4515
"Pilostigma Thonigilii/Monkey Bread",29.5901167,-16.4511316
"Acacia Siebriana",29.5913183,-16.4503866
"Acacia Polycantha",29.59187,-16.4500166
"Acacia Siebriana",29.5921283,-16.4498066
"Acacia Siebriana",29.5929883,-16.447275
"Acacia Siebriana",29.592935,-16.4470483
"Acacia Siebriana",29.5929683,-16.4470066
"Acacia Siebriana",29.592815,-16.4467416
"Pilostigma Thonigilii/Monkey Bread",29.5926733,-16.44658
"Acacia Siebriana",29.5924683,-16.4464183
"Acacia Siebriana",29.5924633,-16.446295
"Acacia Polycantha",29.592065,-16.446025
"Acacia Siebriana",29.5920467,-16.445935
"Fidebhia Abida",29.0252883,-17.0140416
"Munyii/Bechemia discolor",29.0337056,-17.0417961
"Pilostigma Thonigilii/Monkey Bread",29.0313952,-17.0518547
"Munyii/Bechemia discolor",29.0346765,-17.0486077
"Kigelia Africana",29.0352817,-17.0418015
"Waterberry",29.3034982,-16.9121323
"Waterberry",29.3034909,-16.9121994
"Pilostigma Thonigilii/Monkey Bread",29.6233677,-16.4712676
"Trichilia Emetica",29.8110639,-16.5518664
"Pilostigma Thonigilii/Monkey Bread",29.2556025,-16.998355
"Munyii/Bechemia discolor",29.2555457,-16.998649
"Acacia Polycantha",29.2554173,-16.9987757
"Acacia Polycantha",29.2553907,-16.9987667
"Acacia Polycantha",29.2554593,-16.9988894
"Acacia Polycantha",29.2554895,-16.9989179
"Pilostigma Thonigilii/Monkey Bread",29.2554741,-16.9989358
"Acacia Polycantha",29.2555098,-16.9989657
"Acacia Polycantha",29.2555493,-16.9989832
"Pilostigma Thonigilii/Monkey Bread",29.255673,-16.999127
"Acacia Polycantha",29.2543776,-17.0013258
"Acacia Polycantha",29.2543255,-17.0013344
"Acacia Polycantha",29.2543142,-17.0013327
"Acacia Polycantha",29.2543037,-17.0013365
"Acacia Polycantha",29.2542907,-17.0013087
"Acacia Polycantha",29.2542424,-17.0012877
"Acacia Polycantha",29.2542545,-17.0012862
"Acacia Polycantha",29.2542686,-17.0012769
"Acacia Polycantha",29.2542577,-17.0012723
"Acacia Polycantha",29.2542965,-17.0012476
"Acacia Polycantha",29.2544079,-17.0013983
"Pilostigma Thonigilii/Monkey Bread",29.2544013,-17.0013992
"Acacia Polycantha",29.2543607,-17.0014633
"Acacia Polycantha",29.2543112,-17.0014706
"Acacia Polycantha",29.2542336,-17.001349
"Acacia Polycantha",29.2541906,-17.0013361
"Acacia Polycantha",29.2541505,-17.0013685
"Acacia Polycantha",29.2541501,-17.0013837
"Pilostigma Thonigilii/Monkey Bread",29.2546885,-17.0015871
"None",29.2546788,-17.0017028
"Pilostigma Thonigilii/Monkey Bread",29.2546765,-17.00172
"Pilostigma Thonigilii/Monkey Bread",29.2546539,-17.0019773
"Pilostigma Thonigilii/Monkey Bread",29.2546981,-17.0020905
"Munyii/Bechemia discolor",29.254332,-17.0035572
"Pilostigma Thonigilii/Monkey Bread",29.2543126,-17.003593
"Pilostigma Thonigilii/Monkey Bread",29.2548563,-17.0022144
"Kigelia Africana",29.2553135,-17.0025045
"Kigelia Africana",29.255318,-17.0025107
"Pilostigma Thonigilii/Monkey Bread",29.2546662,-17.0026453
"Munyii/Bechemia discolor",29.2569193,-16.9990574
"Pilostigma Thonigilii/Monkey Bread",29.1874033,-17.0508776
"Acacia Siebriana",29.1893851,-17.0486169
"Pilostigma Thonigilii/Monkey Bread",29.1917108,-17.045604
"Acacia Siebriana",29.1920184,-17.0443862
"Acacia Siebriana",29.1939361,-17.0409264
"Munyii/Bechemia discolor",29.1940384,-17.0394452
"Munyii/Bechemia discolor",29.1933733,-17.0345873
"Munyii/Bechemia discolor",29.1979651,-17.0294561
"Acacia Polycantha",29.6239556,-16.3466086
"Acacia Polycantha",29.6240119,-16.3461529
"Acacia Polycantha",29.6240784,-16.3461484
"Pilostigma Thonigilii/Monkey Bread",29.6241602,-16.3462013
"Kigelia Africana",29.624205,-16.346255
"Acacia Polycantha",29.6241924,-16.3462465
"Pilostigma Thonigilii/Monkey Bread",29.6242959,-16.3460293
"Pilostigma Thonigilii/Monkey Bread",29.6243229,-16.3458919
"Pilostigma Thonigilii/Monkey Bread",29.6243301,-16.3458169
"Pilostigma Thonigilii/Monkey Bread",29.6241549,-16.3459114
"Pilostigma Thonigilii/Monkey Bread",29.624153,-16.3459408
"None",29.6236504,-16.346813
"Acacia Siebriana",29.6238207,-16.3651256
"Pilostigma Thonigilii/Monkey Bread",29.6237095,-16.3650728
"Acacia Siebriana",29.623612,-16.3649621
"Acacia Siebriana",29.6236463,-16.3649862
"Pilostigma Thonigilii/Monkey Bread",29.6236463,-16.3649862
"Pilostigma Thonigilii/Monkey Bread",29.6236463,-16.3649862
"Pilostigma Thonigilii/Monkey Bread",29.6236463,-16.3649862
"Pilostigma Thonigilii/Monkey Bread",29.6236463,-16.3649862
"Acacia Siebriana",29.6236463,-16.3649862
"Trichilia Emetica",29.6236223,-16.3650909
"Trichilia Emetica",29.6231757,-16.3655113
"Trichilia Emetica",29.623175,-16.3655169
"Trichilia Emetica",29.6231683,-16.3655352
"Trichilia Emetica",29.6231815,-16.3655561
"Trichilia Emetica",29.6231463,-16.3655848
"Trichilia Emetica",29.6231479,-16.3655967
"Trichilia Emetica",29.6231309,-16.3656265
"Trichilia Emetica",29.6231421,-16.3656471
"Trichilia Emetica",29.6294515,-16.3756356
"Trichilia Emetica",29.6231478,-16.3656671
"Trichilia Emetica",29.6231332,-16.3656824
"Kigelia Africana",29.6231595,-16.365831
"Pilostigma Thonigilii/Monkey Bread",29.6228912,-16.365697
"Pilostigma Thonigilii/Monkey Bread",29.6228762,-16.365577
"Pilostigma Thonigilii/Monkey Bread",29.6230445,-16.3655424
"Pilostigma Thonigilii/Monkey Bread",29.6230638,-16.3655118
"Pilostigma Thonigilii/Monkey Bread",29.6230613,-16.365493
"Pilostigma Thonigilii/Monkey Bread",29.6228994,-16.3654156
"Pilostigma Thonigilii/Monkey Bread",29.6229183,-16.3653867
"Pilostigma Thonigilii/Monkey Bread",29.622915,-16.365387
"Pilostigma Thonigilii/Monkey Bread",29.6229296,-16.3653969
"Pilostigma Thonigilii/Monkey Bread",29.6229289,-16.3654001
"Acacia Siebriana",29.6229515,-16.3653118
"Acacia Siebriana",29.6227864,-16.3652626
"Acacia Siebriana",29.6228138,-16.3652196
"Pilostigma Thonigilii/Monkey Bread",29.6226508,-16.3650467
"Acacia Polycantha",29.6225099,-16.3650896
"Acacia Siebriana",29.6222123,-16.3652861
"Acacia Siebriana",29.6217497,-16.3650787
"None",29.6222758,-16.3647235
"Acacia Polycantha",29.6230115,-16.3635022
"Pilostigma Thonigilii/Monkey Bread",29.6230115,-16.3635022
"Pilostigma Thonigilii/Monkey Bread",29.622561,-16.3637747
"Pilostigma Thonigilii/Monkey Bread",29.6225392,-16.3637558
"Kigelia Africana",29.6229649,-16.3636014
"Pilostigma Thonigilii/Monkey Bread",29.6233758,-16.3632794
"Acacia Siebriana",29.62339,-16.3634611
"Pilostigma Thonigilii/Monkey Bread",29.6234369,-16.3633833
"Pilostigma Thonigilii/Monkey Bread",29.6234515,-16.3641852
"Pilostigma Thonigilii/Monkey Bread",29.6234515,-16.3641852
"Pilostigma Thonigilii/Monkey Bread",29.6230998,-16.3640625
"Pilostigma Thonigilii/Monkey Bread",29.6230394,-16.3643914
"Pilostigma Thonigilii/Monkey Bread",29.6230601,-16.364375
"Pilostigma Thonigilii/Monkey Bread",29.623037,-16.3643819
"Pilostigma Thonigilii/Monkey Bread",29.6230675,-16.3644361
"Kigelia Africana",29.623065,-16.3644423
"Pilostigma Thonigilii/Monkey Bread",29.6230758,-16.364523
"Acacia Siebriana",29.6231568,-16.3647687
"Pilostigma Thonigilii/Monkey Bread",29.623886,-16.3645528
"Pilostigma Thonigilii/Monkey Bread",29.6238993,-16.3645587
"Pilostigma Thonigilii/Monkey Bread",29.6239044,-16.3645517
"Pilostigma Thonigilii/Monkey Bread",29.6258997,-16.3667368
"Kigelia Africana",29.6258807,-16.3667023
"Kigelia Africana",29.0410248,-17.0259949
"Pilostigma Thonigilii/Monkey Bread",29.0410586,-17.0255382
"Pilostigma Thonigilii/Monkey Bread",29.041258,-17.0255276
"Pilostigma Thonigilii/Monkey Bread",29.0413214,-17.0254747
"Pilostigma Thonigilii/Monkey Bread",29.0414016,-17.0254455
"Pilostigma Thonigilii/Monkey Bread",29.041502,-17.0254458
"Munyii/Bechemia discolor",29.0419805,-17.025411
"Pilostigma Thonigilii/Monkey Bread",29.0429194,-17.0243227
"Pilostigma Thonigilii/Monkey Bread",29.0432754,-17.0242047
"Munyii/Bechemia discolor",29.0449856,-17.0237086
"Pilostigma Thonigilii/Monkey Bread",29.0454486,-17.0238328
"Munyii/Bechemia discolor",29.0454962,-17.0244755
"Munyii/Bechemia discolor",29.0451811,-17.0248266
"Munyii/Bechemia discolor",29.0462116,-17.0253158
"Munyii/Bechemia discolor",29.0463746,-17.0251696
"Munyii/Bechemia discolor",29.0464936,-17.0250711
"Pilostigma Thonigilii/Monkey Bread",29.047007,-17.0248042
"Pilostigma Thonigilii/Monkey Bread",29.0471793,-17.0245167
"Munyii/Bechemia discolor",29.0470778,-17.0242351
"Acacia Siebriana",29.047393,-17.0230923
"Pilostigma Thonigilii/Monkey Bread",29.0491612,-17.0220591
"Pilostigma Thonigilii/Monkey Bread",29.0492757,-17.0219539
"Pilostigma Thonigilii/Monkey Bread",29.0494789,-17.0220148
"Acacia Siebriana",29.0495605,-17.021583
"Pilostigma Thonigilii/Monkey Bread",29.0495916,-17.0214882
"Pilostigma Thonigilii/Monkey Bread",29.049677,-17.0213348
"Munyii/Bechemia discolor",29.0512187,-17.0200398
"Munyii/Bechemia discolor",29.052477,-17.0204829
"Munyii/Bechemia discolor",29.0518332,-17.0181954
"Munyii/Bechemia discolor",29.0518667,-17.0181724
"Munyii/Bechemia discolor",29.0514691,-17.0181151
"Munyii/Bechemia discolor",29.0524155,-17.0183427
"Munyii/Bechemia discolor",29.0509975,-17.0232693
"Acacia Siebriana",29.6197602,-16.4633082
"Pilostigma Thonigilii/Monkey Bread",29.6197554,-16.4634217
"Pilostigma Thonigilii/Monkey Bread",29.6200749,-16.4636956
"Pilostigma Thonigilii/Monkey Bread",29.6202522,-16.4638945
"Pilostigma Thonigilii/Monkey Bread",29.6194955,-16.4632982
"Pilostigma Thonigilii/Monkey Bread",29.6188487,-16.463313
"Pilostigma Thonigilii/Monkey Bread",29.6185355,-16.4633644
"Pilostigma Thonigilii/Monkey Bread",29.6180153,-16.463408
"Pilostigma Thonigilii/Monkey Bread",29.6177913,-16.463459
"Pilostigma Thonigilii/Monkey Bread",29.6173462,-16.4635589
"Pilostigma Thonigilii/Monkey Bread",29.617175,-16.4635956
"Pilostigma Thonigilii/Monkey Bread",29.6171615,-16.4636
"Pilostigma Thonigilii/Monkey Bread",29.6139317,-16.4949316
"Pilostigma Thonigilii/Monkey Bread",29.61543,-16.4967383
"Pilostigma Thonigilii/Monkey Bread",29.615395,-16.4967733
"Acacia Siebriana",29.6105383,-16.5052
"Acacia Siebriana",29.6105433,-16.505235
"Pilostigma Thonigilii/Monkey Bread",29.6106017,-16.505305
"Acacia Polycantha",29.615385,-16.496255
"Pilostigma Thonigilii/Monkey Bread",29.4049247,-16.4001045
"Acacia Polycantha",29.403989,-16.3999353
"Acacia Polycantha",29.4038269,-16.399957
"Acacia Polycantha",29.4037781,-16.3999118
"Acacia Polycantha",29.4036972,-16.3998793
"Acacia Polycantha",29.4035869,-16.3999232
"Acacia Siebriana",29.4033735,-16.3996251
"Pilostigma Thonigilii/Monkey Bread",29.4029196,-16.3998742
"Acacia Polycantha",29.4032399,-16.3994852
"Pilostigma Thonigilii/Monkey Bread",29.4026334,-16.3996895
"Pilostigma Thonigilii/Monkey Bread",29.4029926,-16.3993649
"Acacia Polycantha",29.4028244,-16.3992972
"Pilostigma Thonigilii/Monkey Bread",29.4026022,-16.3992046
"Acacia Polycantha",29.4024484,-16.3991383
"Pilostigma Thonigilii/Monkey Bread",29.4018209,-16.3993387
"Acacia Polycantha",29.4015532,-16.399034
"Pilostigma Thonigilii/Monkey Bread",29.4011654,-16.3988309
"Munyii/Bechemia discolor",29.2741793,-16.692595
"Fidebhia Abida",29.273673,-16.694149
"Acacia Galpinii",29.2738433,-16.6942604
"Pilostigma Thonigilii/Monkey Bread",29.2715058,-16.6930918
"Acacia Galpinii",29.271508,-16.693083
"Acacia Galpinii",29.2761772,-16.695483
"Acacia Siebriana",29.6219231,-16.4629564
"Pilostigma Thonigilii/Monkey Bread",29.6278897,-16.4637116
"Acacia Siebriana",29.363595,-16.7630365
"Acacia Polycantha",29.3692275,-16.766228
"Acacia Siebriana",29.370209,-16.7671386
"Acacia Siebriana",29.3709573,-16.7683731
"Acacia Siebriana",29.3720538,-16.7688302
"Acacia Polycantha",29.372217,-16.7689496
"Kigelia Africana",29.3730088,-16.7693451
"Acacia Polycantha",29.3736386,-16.7696222
"Pilostigma Thonigilii/Monkey Bread",29.4328064,-16.7536825
"Acacia Polycantha",29.3985086,-16.7808737
"Munyii/Bechemia discolor",29.3978186,-16.7819438
"Acacia Polycantha",29.3975397,-16.7819635
"Acacia Polycantha",29.3971123,-16.7826653
"Acacia Polycantha",29.3970548,-16.7827575
"Acacia Polycantha",29.3969465,-16.7828817
"Acacia Polycantha",29.3967543,-16.7830212
"Acacia Polycantha",29.3965617,-16.783125
"Acacia Polycantha",29.3964492,-16.7831336
"Acacia Polycantha",29.3964627,-16.7835361
"Acacia Siebriana",29.3964189,-16.7829826
"Kigelia Africana",29.3956927,-16.7826114
"Acacia Polycantha",29.3956703,-16.7818606
"Acacia Polycantha",29.3956635,-16.7817655
"Pilostigma Thonigilii/Monkey Bread",29.3966322,-16.7813553
"Acacia Polycantha",29.3982837,-16.7808233
"Acacia Polycantha",29.3982854,-16.7806674
"Acacia Polycantha",29.3987418,-16.780479
"Pilostigma Thonigilii/Monkey Bread",29.4346806,-16.7647977
"Pilostigma Thonigilii/Monkey Bread",29.4342503,-16.7637039
"Pilostigma Thonigilii/Monkey Bread",29.4339476,-16.7628639
"Acacia Polycantha",29.3983673,-16.7819456
"Acacia Polycantha",29.3985633,-16.7819397
"Acacia Polycantha",29.3984311,-16.782144
"Acacia Siebriana",29.3983576,-16.7821987
"Acacia Polycantha",29.3983269,-16.7821889
"Acacia Polycantha",29.3982978,-16.7821193
"Acacia Polycantha",29.3984469,-16.7823387
"Acacia Polycantha",29.3985502,-16.7823539
"Acacia Polycantha",29.3984477,-16.7824328
"Acacia Polycantha",29.3984116,-16.7824307
"Acacia Polycantha",29.3984995,-16.78231
"Acacia Polycantha",29.3985469,-16.7824427
"Acacia Polycantha",29.3985819,-16.7824608
"Acacia Polycantha",29.3986375,-16.7824801
"Acacia Polycantha",29.3986605,-16.782488
"Acacia Polycantha",29.3987648,-16.7825024
"Acacia Polycantha",29.3988827,-16.7824759
"Acacia Polycantha",29.3989598,-16.7822893
"Acacia Polycantha",29.3987813,-16.7827951
"Acacia Polycantha",29.39876,-16.7828364
"Acacia Polycantha",29.3989126,-16.7829166
"Acacia Polycantha",29.3986963,-16.7828825
"Acacia Polycantha",29.3987203,-16.7827424
"Acacia Polycantha",29.3984168,-16.7824958
"Acacia Polycantha",29.3981384,-16.782282
"Acacia Polycantha",29.3980981,-16.7822441
"Acacia Polycantha",29.3980968,-16.782263
"Acacia Polycantha",29.3981171,-16.7821926
"Acacia Polycantha",29.3978342,-16.7823527
"Pilostigma Thonigilii/Monkey Bread",29.6300791,-16.3645947
"Pilostigma Thonigilii/Monkey Bread",29.6301745,-16.3646016
"Pilostigma Thonigilii/Monkey Bread",29.6302415,-16.364632
"Pilostigma Thonigilii/Monkey Bread",29.6302343,-16.3646454
"Pilostigma Thonigilii/Monkey Bread",29.6303543,-16.3646533
"Pilostigma Thonigilii/Monkey Bread",29.6303748,-16.3646762
"Pilostigma Thonigilii/Monkey Bread",29.6303524,-16.3647186
"Pilostigma Thonigilii/Monkey Bread",29.6309033,-16.364745
"Pilostigma Thonigilii/Monkey Bread",29.6309011,-16.3647296
"Pilostigma Thonigilii/Monkey Bread",29.6311785,-16.3646995
"Pilostigma Thonigilii/Monkey Bread",29.6311858,-16.364693
"Pilostigma Thonigilii/Monkey Bread",29.6315745,-16.3644598
"None",29.6331723,-16.3643405
"Pilostigma Thonigilii/Monkey Bread",29.6331282,-16.3643997
"Pilostigma Thonigilii/Monkey Bread",29.6335074,-16.364484
"Pilostigma Thonigilii/Monkey Bread",29.6339032,-16.363256
"Pilostigma Thonigilii/Monkey Bread",29.6339147,-16.3630231
"Pilostigma Thonigilii/Monkey Bread",29.6339148,-16.3630329
"Pilostigma Thonigilii/Monkey Bread",29.6339194,-16.3630286
"Pilostigma Thonigilii/Monkey Bread",29.6342224,-16.36344
"Pilostigma Thonigilii/Monkey Bread",29.6343254,-16.3636392
"Pilostigma Thonigilii/Monkey Bread",29.6343473,-16.3636608
"Pilostigma Thonigilii/Monkey Bread",29.6343587,-16.3636875
"Pilostigma Thonigilii/Monkey Bread",29.6346135,-16.3634238
"Pilostigma Thonigilii/Monkey Bread",29.6346425,-16.3634699
"Pilostigma Thonigilii/Monkey Bread",29.635487,-16.3635063
"Red Mahogany",29.6366577,-16.3631164
"Red Mahogany",29.6367594,-16.3630816
"Red Mahogany",29.6367905,-16.3630739
"Red Mahogany",29.6369803,-16.3630238
"Pilostigma Thonigilii/Monkey Bread",29.6381477,-16.3633575
"Pilostigma Thonigilii/Monkey Bread",29.6382066,-16.3634013
"Pilostigma Thonigilii/Monkey Bread",29.6383339,-16.3633047
"Pilostigma Thonigilii/Monkey Bread",29.6385869,-16.3631842
"Pilostigma Thonigilii/Monkey Bread",29.6396171,-16.3632053
"Pilostigma Thonigilii/Monkey Bread",29.6396588,-16.3630154
"Acacia Siebriana",29.6399394,-16.3627317
"Acacia Siebriana",29.6467255,-16.3709887
"Pilostigma Thonigilii/Monkey Bread",29.6443874,-16.3756146
"Pilostigma Thonigilii/Monkey Bread",29.644438,-16.3760113
"Pilostigma Thonigilii/Monkey Bread",29.644438,-16.3760113
"Pilostigma Thonigilii/Monkey Bread",29.6444511,-16.3760274
"Pilostigma Thonigilii/Monkey Bread",29.644262,-16.376038
"Pilostigma Thonigilii/Monkey Bread",29.6442314,-16.376088
"Pilostigma Thonigilii/Monkey Bread",29.6442106,-16.3761433
"Pilostigma Thonigilii/Monkey Bread",29.6442045,-16.3761559
"Pilostigma Thonigilii/Monkey Bread",29.6441939,-16.3761764
"Pilostigma Thonigilii/Monkey Bread",29.6441387,-16.3762709
"Pilostigma Thonigilii/Monkey Bread",29.6442002,-16.376499
"Pilostigma Thonigilii/Monkey Bread",29.6440446,-16.376572
"Pilostigma Thonigilii/Monkey Bread",29.6437359,-16.3772201
"Pilostigma Thonigilii/Monkey Bread",29.6415705,-16.3786265
"Pilostigma Thonigilii/Monkey Bread",29.6397974,-16.377202
"Pilostigma Thonigilii/Monkey Bread",29.639709,-16.3770752
"Pilostigma Thonigilii/Monkey Bread",29.6395939,-16.3769396
"Pilostigma Thonigilii/Monkey Bread",29.6391601,-16.3766841
"Pilostigma Thonigilii/Monkey Bread",29.6391958,-16.3765746
"Pilostigma Thonigilii/Monkey Bread",29.6389744,-16.376546
"Pilostigma Thonigilii/Monkey Bread",29.6389775,-16.3765241
"Pilostigma Thonigilii/Monkey Bread",29.6390144,-16.3763698
"Pilostigma Thonigilii/Monkey Bread",29.6389945,-16.3762149
"Pilostigma Thonigilii/Monkey Bread",29.6388001,-16.3763914
"Pilostigma Thonigilii/Monkey Bread",29.6386231,-16.3761801
"Pilostigma Thonigilii/Monkey Bread",29.6386027,-16.3761869
"Pilostigma Thonigilii/Monkey Bread",29.6385248,-16.3761339
"Pilostigma Thonigilii/Monkey Bread",29.6385111,-16.3761265
"Pilostigma Thonigilii/Monkey Bread",29.6376772,-16.374043
"Pilostigma Thonigilii/Monkey Bread",29.6364161,-16.3688297
"Pilostigma Thonigilii/Monkey Bread",29.6362342,-16.367063
"Pilostigma Thonigilii/Monkey Bread",29.6362441,-16.367052
"Pilostigma Thonigilii/Monkey Bread",29.6361546,-16.3670072
"Pilostigma Thonigilii/Monkey Bread",29.6361169,-16.3669612
"Acacia Polycantha",29.6357101,-16.366306
"Acacia Polycantha",29.6355045,-16.3660277
"Pilostigma Thonigilii/Monkey Bread",29.6354561,-16.3660186
"Pilostigma Thonigilii/Monkey Bread",29.6352133,-16.3662042
"Pilostigma Thonigilii/Monkey Bread",29.6350959,-16.3662998
"Pilostigma Thonigilii/Monkey Bread",29.6350623,-16.3663171
"Pilostigma Thonigilii/Monkey Bread",29.6350973,-16.3664043
"Red Mahogany",29.6349239,-16.3670045
"Pilostigma Thonigilii/Monkey Bread",29.6349316,-16.3668334
"Pilostigma Thonigilii/Monkey Bread",29.634897,-16.3668375
"Pilostigma Thonigilii/Monkey Bread",29.6349248,-16.3667388
"Pilostigma Thonigilii/Monkey Bread",29.6349306,-16.3667164
"Pilostigma Thonigilii/Monkey Bread",29.6348677,-16.3666949
"Red Mahogany",29.6347121,-16.3665702
"Pilostigma Thonigilii/Monkey Bread",29.6349202,-16.3665096
"Pilostigma Thonigilii/Monkey Bread",29.6350116,-16.3663886
"Pilostigma Thonigilii/Monkey Bread",29.6349717,-16.36636
"Pilostigma Thonigilii/Monkey Bread",29.6350058,-16.3663497
"Pilostigma Thonigilii/Monkey Bread",29.6350173,-16.3663322
"Pilostigma Thonigilii/Monkey Bread",29.6350138,-16.3663137
"Pilostigma Thonigilii/Monkey Bread",29.6350955,-16.3660778
"Pilostigma Thonigilii/Monkey Bread",29.6350684,-16.3659905
"Acacia Polycantha",29.6351841,-16.3658752
"Pilostigma Thonigilii/Monkey Bread",29.6350252,-16.3658272
"Acacia Polycantha",29.6349211,-16.3658615
"Acacia Polycantha",29.6345591,-16.365492
"Red Mahogany",29.6345349,-16.3654022
"Pilostigma Thonigilii/Monkey Bread",29.6346249,-16.3654394
"Acacia Polycantha",29.6346965,-16.3654224
"Red Mahogany",29.6346904,-16.3653352
"Acacia Polycantha",29.635036,-16.3653702
"Red Mahogany",29.6350696,-16.3652759
"Acacia Polycantha",29.6350907,-16.3653714
"Acacia Polycantha",29.6351033,-16.3653659
"Acacia Polycantha",29.63512,-16.3653656
"Red Mahogany",29.6351996,-16.3652154
"Red Mahogany",29.6353507,-16.3652359
"Pilostigma Thonigilii/Monkey Bread",29.6353664,-16.3653167
"Red Mahogany",29.6355097,-16.3652169
"Acacia Polycantha",29.6355319,-16.365307
"Acacia Polycantha",29.6356564,-16.3652664
"Red Mahogany",29.6360486,-16.365126
"Red Mahogany",29.636057,-16.3651052
"Acacia Polycantha",29.636096,-16.36486
"Acacia Polycantha",29.636113,-16.3647723
"Red Mahogany",29.6360815,-16.3646903
"Kigelia Africana",29.6361117,-16.3645738
"Acacia Polycantha",29.6361883,-16.3644344
"Acacia Polycantha",29.6361992,-16.3643957
"Red Mahogany",29.6362474,-16.3644237
"Red Mahogany",29.6362608,-16.3643762
"Pilostigma Thonigilii/Monkey Bread",29.6329354,-16.362902
"Pilostigma Thonigilii/Monkey Bread",29.6329475,-16.3628776
"Pilostigma Thonigilii/Monkey Bread",29.632938,-16.3628702
"Pilostigma Thonigilii/Monkey Bread",29.632857,-16.3627591
"Pilostigma Thonigilii/Monkey Bread",29.6327315,-16.3626946
"Pilostigma Thonigilii/Monkey Bread",29.6326312,-16.3627307
"Pilostigma Thonigilii/Monkey Bread",29.6328514,-16.3653663
"Acacia Polycantha",29.6330446,-16.3659034
"Kigelia Africana",29.6330531,-16.367298
"Pilostigma Thonigilii/Monkey Bread",29.6330516,-16.3673721
"Pilostigma Thonigilii/Monkey Bread",29.6330351,-16.3673861
"Pilostigma Thonigilii/Monkey Bread",29.6315169,-16.3700509
"Pilostigma Thonigilii/Monkey Bread",29.63151,-16.3700304
"Pilostigma Thonigilii/Monkey Bread",29.6314916,-16.3699853
"Pilostigma Thonigilii/Monkey Bread",29.6314024,-16.369978
"Pilostigma Thonigilii/Monkey Bread",29.6312169,-16.3698414
"Pilostigma Thonigilii/Monkey Bread",29.6311916,-16.3696064
"Pilostigma Thonigilii/Monkey Bread",29.6312136,-16.3695834
"Pilostigma Thonigilii/Monkey Bread",29.6311367,-16.3695621
"Pilostigma Thonigilii/Monkey Bread",29.6304582,-16.3686409
"Pilostigma Thonigilii/Monkey Bread",29.6303364,-16.3686736
"Pilostigma Thonigilii/Monkey Bread",29.6302354,-16.3686896
"Pilostigma Thonigilii/Monkey Bread",29.6302021,-16.3686416
"Trichilia Emetica",29.6302028,-16.3686193
"Pilostigma Thonigilii/Monkey Bread",29.6301873,-16.3684566
"Pilostigma Thonigilii/Monkey Bread",29.6301944,-16.3684217
"Pilostigma Thonigilii/Monkey Bread",29.6300438,-16.3683621
"Pilostigma Thonigilii/Monkey Bread",29.6301583,-16.3682033
"Pilostigma Thonigilii/Monkey Bread",29.6300768,-16.3679636
"Pilostigma Thonigilii/Monkey Bread",29.6300458,-16.3679432
"Pilostigma Thonigilii/Monkey Bread",29.6301185,-16.3673478
"Pilostigma Thonigilii/Monkey Bread",29.6300752,-16.3672426
"Pilostigma Thonigilii/Monkey Bread",29.6299738,-16.3672333
"Pilostigma Thonigilii/Monkey Bread",29.6301222,-16.3671681
"Pilostigma Thonigilii/Monkey Bread",29.6301516,-16.3668692
"Pilostigma Thonigilii/Monkey Bread",29.6302512,-16.366835
"Pilostigma Thonigilii/Monkey Bread",29.6302901,-16.3667851
"Pilostigma Thonigilii/Monkey Bread",29.6304839,-16.3667545
"Pilostigma Thonigilii/Monkey Bread",29.6305289,-16.3668049
"Pilostigma Thonigilii/Monkey Bread",29.6305039,-16.3667032
"Pilostigma Thonigilii/Monkey Bread",29.6303127,-16.3665463
"Pilostigma Thonigilii/Monkey Bread",29.6302075,-16.3665767
"Pilostigma Thonigilii/Monkey Bread",29.6301816,-16.3664988
"Pilostigma Thonigilii/Monkey Bread",29.6298199,-16.3670338
"Pilostigma Thonigilii/Monkey Bread",29.629722,-16.36701
"Pilostigma Thonigilii/Monkey Bread",29.62964,-16.3669936
"Pilostigma Thonigilii/Monkey Bread",29.6296013,-16.3669833
"Pilostigma Thonigilii/Monkey Bread",29.629584,-16.3668899
"Acacia Polycantha",29.6295814,-16.3668388
"Acacia Siebriana",29.6296203,-16.3667792
"Acacia Polycantha",29.6295072,-16.3668345
"Pilostigma Thonigilii/Monkey Bread",29.6293997,-16.3667619
"Pilostigma Thonigilii/Monkey Bread",29.6293456,-16.3667705
"Pilostigma Thonigilii/Monkey Bread",29.6292545,-16.3668284
"Pilostigma Thonigilii/Monkey Bread",29.6292386,-16.3668414
"Pilostigma Thonigilii/Monkey Bread",29.6292256,-16.3668585
"Acacia Polycantha",29.6292422,-16.3669015
"Acacia Polycantha",29.6291119,-16.3667514
"Pilostigma Thonigilii/Monkey Bread",29.6291301,-16.3667772
"Acacia Polycantha",29.6291345,-16.3666602
"Acacia Polycantha",29.6290713,-16.366772
"Acacia Polycantha",29.6286278,-16.3664995
"Trichilia Emetica",29.6286262,-16.3664435
"Acacia Galpinii",29.8244913,-16.5529183
"Acacia Galpinii",29.8245498,-16.5528741
"Acacia Galpinii",29.8246028,-16.553017
"Pilostigma Thonigilii/Monkey Bread",29.8248024,-16.5527933
"Pilostigma Thonigilii/Monkey Bread",29.8248879,-16.5528013
"Pilostigma Thonigilii/Monkey Bread",29.8249198,-16.5527937
"Pilostigma Thonigilii/Monkey Bread",29.8249034,-16.5528603
"Pilostigma Thonigilii/Monkey Bread",29.8249501,-16.5528558
"Pilostigma Thonigilii/Monkey Bread",29.8249662,-16.552815
"Pilostigma Thonigilii/Monkey Bread",29.8263665,-16.5524983
"Pilostigma Thonigilii/Monkey Bread",29.8266315,-16.5524165
"Pilostigma Thonigilii/Monkey Bread",29.8266875,-16.552454
"Pilostigma Thonigilii/Monkey Bread",29.8266894,-16.5524536
"Pilostigma Thonigilii/Monkey Bread",29.8262591,-16.5522775
"Pilostigma Thonigilii/Monkey Bread",29.8273312,-16.5522165
"Pilostigma Thonigilii/Monkey Bread",29.8274444,-16.5521627
"Pilostigma Thonigilii/Monkey Bread",29.827495,-16.5521836
"Pilostigma Thonigilii/Monkey Bread",29.8275297,-16.552172
"Pilostigma Thonigilii/Monkey Bread",29.8275735,-16.5521216
"Pilostigma Thonigilii/Monkey Bread",29.8276461,-16.5521381
"Pilostigma Thonigilii/Monkey Bread",29.8276925,-16.5521248
"None",29.8281218,-16.5520099
"Acacia Siebriana",29.8296527,-16.5502465
"Pilostigma Thonigilii/Monkey Bread",29.8296607,-16.5520601
"Acacia Galpinii",29.8296607,-16.5520601
"Pilostigma Thonigilii/Monkey Bread",29.8296607,-16.5520601
"Pilostigma Thonigilii/Monkey Bread",29.8296607,-16.5520601
"Pilostigma Thonigilii/Monkey Bread",29.8296607,-16.5520601
"Pilostigma Thonigilii/Monkey Bread",29.8296607,-16.5520601
"Pilostigma Thonigilii/Monkey Bread",29.8296607,-16.5520601
"Pilostigma Thonigilii/Monkey Bread",29.8296607,-16.5520601
"Pilostigma Thonigilii/Monkey Bread",29.8305273,-16.5530894
"Waterberry",29.8310731,-16.5528324
"Waterberry",29.8311081,-16.5529455
"Pilostigma Thonigilii/Monkey Bread",29.831145,-16.553015
"Pilostigma Thonigilii/Monkey Bread",29.8311703,-16.55304
"Pilostigma Thonigilii/Monkey Bread",29.8312183,-16.5530567
"Pilostigma Thonigilii/Monkey Bread",29.8312523,-16.5530766
"Pilostigma Thonigilii/Monkey Bread",29.831277,-16.5530872
"Pilostigma Thonigilii/Monkey Bread",29.831288,-16.5530977
"Pilostigma Thonigilii/Monkey Bread",29.8312778,-16.5531106
"Pilostigma Thonigilii/Monkey Bread",29.8312672,-16.5531095
"Waterberry",29.8316278,-16.5533107
"Waterberry",29.8316189,-16.5533428
"Waterberry",29.831662,-16.5534678
"Waterberry",29.8317539,-16.5535789
"Waterberry",29.8317982,-16.5537564
"Acacia Siebriana",29.8317771,-16.5539433
"Waterberry",29.8320389,-16.5539978
"Waterberry",29.8321005,-16.5540812
"Pilostigma Thonigilii/Monkey Bread",29.8321645,-16.5541147
"Pilostigma Thonigilii/Monkey Bread",29.8321876,-16.554145
"Waterberry",29.8322938,-16.5542149
"Waterberry",29.8324058,-16.5542614
"Waterberry",29.8325321,-16.5543035
"Acacia Siebriana",29.8327374,-16.5544458
"Waterberry",29.8328766,-16.5546267
"Waterberry",29.8329233,-16.5546246
"Waterberry",29.8329134,-16.5546467
"Waterberry",29.8328944,-16.5546483
"Waterberry",29.8328844,-16.5546491
"Waterberry",29.8328826,-16.5546551
"Waterberry",29.8328848,-16.5546633
"Waterberry",29.8328712,-16.5546706
"Waterberry",29.8327672,-16.5546223
"Waterberry",29.8327866,-16.554729
"Waterberry",29.8327153,-16.5547434
"Pilostigma Thonigilii/Monkey Bread",29.8327392,-16.5546671
"Pilostigma Thonigilii/Monkey Bread",29.8327311,-16.5546582
"Pilostigma Thonigilii/Monkey Bread",29.8327268,-16.5546285
"Waterberry",29.8327586,-16.5546231
"Pilostigma Thonigilii/Monkey Bread",29.8327476,-16.5546005
"Pilostigma Thonigilii/Monkey Bread",29.8327106,-16.5545806
"Pilostigma Thonigilii/Monkey Bread",29.8326918,-16.5545899
"Waterberry",29.8323098,-16.5545774
"Waterberry",29.8323098,-16.5545774
"Waterberry",29.8323098,-16.5545774
"Waterberry",29.8323098,-16.5545774
"Waterberry",29.8323098,-16.5545774
"Acacia Galpinii",29.832293,-16.5545852
"Acacia Galpinii",29.832293,-16.5545852
"Acacia Galpinii",29.832293,-16.5545852
"Acacia Galpinii",29.832293,-16.5545852
"Acacia Galpinii",29.832293,-16.5545852
"Acacia Galpinii",29.832293,-16.5545852
"Acacia Galpinii",29.832293,-16.5545852
"Acacia Galpinii",29.8326046,-16.5538499
"Acacia Galpinii",29.8326046,-16.5538499
"Pilostigma Thonigilii/Monkey Bread",29.8326046,-16.5538499
"Pilostigma Thonigilii/Monkey Bread",29.8326046,-16.5538499
"Pilostigma Thonigilii/Monkey Bread",29.8326046,-16.5538499
"Pilostigma Thonigilii/Monkey Bread",29.8326046,-16.5538499
"Pilostigma Thonigilii/Monkey Bread",29.8326046,-16.5538499
"Pilostigma Thonigilii/Monkey Bread",29.8326046,-16.5538499
"Pilostigma Thonigilii/Monkey Bread",29.8326046,-16.5538499
"Pilostigma Thonigilii/Monkey Bread",29.8326232,-16.5532299
"Pilostigma Thonigilii/Monkey Bread",29.8326232,-16.5532299
"Pilostigma Thonigilii/Monkey Bread",29.7109224,-16.3736104
"Pilostigma Thonigilii/Monkey Bread",29.7117724,-16.3747466
"Pilostigma Thonigilii/Monkey Bread",29.7110892,-16.373707
"Acacia Siebriana",29.7115087,-16.3761353
"Acacia Polycantha",29.7114853,-16.3762681
"Acacia Polycantha",29.7116274,-16.376555
"Acacia Polycantha",29.7117083,-16.3775687
"Pilostigma Thonigilii/Monkey Bread",29.7115727,-16.3776635
"None",29.7115389,-16.37763
"Acacia Polycantha",29.7116239,-16.3777471
"Acacia Polycantha",29.7116513,-16.3777668
"Acacia Polycantha",29.7118794,-16.3769064
"Pilostigma Thonigilii/Monkey Bread",29.7116409,-16.3778474
"Acacia Polycantha",29.7116598,-16.3778505
"Acacia Polycantha",29.7116598,-16.3778505
"Pilostigma Thonigilii/Monkey Bread",29.7116609,-16.3761939
"Pilostigma Thonigilii/Monkey Bread",29.6201633,-16.4626275
"Acacia Siebriana",29.6201249,-16.4626288
"Pilostigma Thonigilii/Monkey Bread",29.6202462,-16.4625986
"Pilostigma Thonigilii/Monkey Bread",29.6204574,-16.4625629
"Acacia Siebriana",29.6202019,-16.4625837
"Acacia Siebriana",29.6201873,-16.462583
"Munyii/Bechemia discolor",28.9854867,-17.0548466
"Kigelia Africana",28.983035,-17.047455
"Kigelia Africana",28.9857533,-17.046215
"Pilostigma Thonigilii/Monkey Bread",29.3973066,-16.9234848
"Pilostigma Thonigilii/Monkey Bread",29.3970854,-16.9237716
"Acacia Siebriana",29.3969321,-16.9239142
"Pilostigma Thonigilii/Monkey Bread",29.3969987,-16.9241551
"Pilostigma Thonigilii/Monkey Bread",29.3969568,-16.924284
"Acacia Siebriana",29.3969754,-16.9243699
"Acacia Siebriana",29.3970483,-16.9244487
"Pilostigma Thonigilii/Monkey Bread",29.3973676,-16.9243435
"Pilostigma Thonigilii/Monkey Bread",29.3974397,-16.924341
"Acacia Siebriana",29.3974022,-16.9244171
"Munyii/Bechemia discolor",29.3977653,-16.9245027
"Acacia Siebriana",29.3982397,-16.9251285
"Pilostigma Thonigilii/Monkey Bread",29.3984548,-16.9254435
"Acacia Siebriana",29.3984789,-16.925423
"Acacia Siebriana",29.3985017,-16.9254045
"Pilostigma Thonigilii/Monkey Bread",29.398584,-16.9254347
"Pilostigma Thonigilii/Monkey Bread",29.3990132,-16.9254985
"Pilostigma Thonigilii/Monkey Bread",29.3993064,-16.9255678
"Pilostigma Thonigilii/Monkey Bread",29.3993882,-16.925471
"Pilostigma Thonigilii/Monkey Bread",29.3998016,-16.9255702
"Pilostigma Thonigilii/Monkey Bread",29.3999414,-16.9255558
"Pilostigma Thonigilii/Monkey Bread",29.4000837,-16.9255898
"Pilostigma Thonigilii/Monkey Bread",29.4001457,-16.925631
"Pilostigma Thonigilii/Monkey Bread",29.4002257,-16.9256549
"Pilostigma Thonigilii/Monkey Bread",29.4003426,-16.9257363
"Pilostigma Thonigilii/Monkey Bread",29.4002843,-16.9260111
"Pilostigma Thonigilii/Monkey Bread",29.400372,-16.9260031
"Pilostigma Thonigilii/Monkey Bread",29.4010788,-16.9257995
"Pilostigma Thonigilii/Monkey Bread",29.4011473,-16.9257878
"Pilostigma Thonigilii/Monkey Bread",29.401229,-16.9257937
"Pilostigma Thonigilii/Monkey Bread",29.4012392,-16.9258178
"Pilostigma Thonigilii/Monkey Bread",29.4013806,-16.9257818
"Pilostigma Thonigilii/Monkey Bread",29.4014392,-16.9257795
"Pilostigma Thonigilii/Monkey Bread",29.4015227,-16.9257969
"Pilostigma Thonigilii/Monkey Bread",29.4016402,-16.9258508
"Pilostigma Thonigilii/Monkey Bread",29.4017685,-16.9257621
"Pilostigma Thonigilii/Monkey Bread",29.4019013,-16.925766
"Pilostigma Thonigilii/Monkey Bread",29.4021078,-16.9257784
"Pilostigma Thonigilii/Monkey Bread",29.4020004,-16.9256228
"Pilostigma Thonigilii/Monkey Bread",29.4019972,-16.9255599
"Pilostigma Thonigilii/Monkey Bread",29.4019919,-16.9255253
"Pilostigma Thonigilii/Monkey Bread",29.4019485,-16.9255317
"Acacia Siebriana",29.4018419,-16.9256506
"Pilostigma Thonigilii/Monkey Bread",29.4017534,-16.9256742
"Pilostigma Thonigilii/Monkey Bread",29.4015374,-16.9255421
"Pilostigma Thonigilii/Monkey Bread",29.4015017,-16.9255746
"Pilostigma Thonigilii/Monkey Bread",29.4014045,-16.9255679
"Pilostigma Thonigilii/Monkey Bread",29.4013954,-16.9255872
"Pilostigma Thonigilii/Monkey Bread",29.4013584,-16.9255778
"Pilostigma Thonigilii/Monkey Bread",29.4013389,-16.9255626
"Pilostigma Thonigilii/Monkey Bread",29.4013243,-16.9255259
"Pilostigma Thonigilii/Monkey Bread",29.4012152,-16.9256567
"Pilostigma Thonigilii/Monkey Bread",29.4011357,-16.9255024
"Acacia Siebriana",29.4011217,-16.9255465
"Pilostigma Thonigilii/Monkey Bread",29.4008326,-16.9255142
"Acacia Polycantha",29.4046918,-16.9278773
"Acacia Polycantha",29.4048019,-16.9279552
"Acacia Polycantha",29.4048508,-16.9279862
"Acacia Polycantha",29.4049565,-16.9280355
"Pilostigma Thonigilii/Monkey Bread",29.397265,-16.9082318
"Pilostigma Thonigilii/Monkey Bread",29.3970627,-16.9081244
"Pilostigma Thonigilii/Monkey Bread",29.3970604,-16.9080702
"Pilostigma Thonigilii/Monkey Bread",29.3968553,-16.9081357
"Pilostigma Thonigilii/Monkey Bread",29.3968454,-16.9081786
"Pilostigma Thonigilii/Monkey Bread",29.396536,-16.9082135
"Pilostigma Thonigilii/Monkey Bread",29.3965365,-16.9082832
"Pilostigma Thonigilii/Monkey Bread",29.3965475,-16.9085427
"Pilostigma Thonigilii/Monkey Bread",29.3943267,-16.9086522
"Pilostigma Thonigilii/Monkey Bread",29.3938752,-16.9087036
"Pilostigma Thonigilii/Monkey Bread",29.3931302,-16.9111294
"Pilostigma Thonigilii/Monkey Bread",29.3929314,-16.9111803
"Pilostigma Thonigilii/Monkey Bread",29.3928177,-16.9112226
"Pilostigma Thonigilii/Monkey Bread",29.3927576,-16.911246
"Pilostigma Thonigilii/Monkey Bread",29.3900588,-16.9137543
"Pilostigma Thonigilii/Monkey Bread",29.3900423,-16.9137846
"Pilostigma Thonigilii/Monkey Bread",29.3899601,-16.9138907
"Pilostigma Thonigilii/Monkey Bread",29.3898335,-16.9138181
"Pilostigma Thonigilii/Monkey Bread",29.3898281,-16.9136573
"Pilostigma Thonigilii/Monkey Bread",29.3894736,-16.9136087
"Pilostigma Thonigilii/Monkey Bread",29.3894266,-16.9136954
"Pilostigma Thonigilii/Monkey Bread",29.3893508,-16.9134534
"Pilostigma Thonigilii/Monkey Bread",29.3890677,-16.9134075
"Pilostigma Thonigilii/Monkey Bread",29.3890206,-16.913386
"Pilostigma Thonigilii/Monkey Bread",29.3889572,-16.9133297
"Pilostigma Thonigilii/Monkey Bread",29.3881321,-16.9135333
"Pilostigma Thonigilii/Monkey Bread",29.3873869,-16.9139264
"Pilostigma Thonigilii/Monkey Bread",29.387292,-16.9140284
"Acacia Polycantha",29.3849835,-16.914848
"Pilostigma Thonigilii/Monkey Bread",29.384771,-16.915066
"Acacia Siebriana",29.3845479,-16.9148579
"Pilostigma Thonigilii/Monkey Bread",29.3845081,-16.9146686
"Acacia Siebriana",29.3844604,-16.9146851
"Acacia Siebriana",29.3843152,-16.9145257
"Acacia Siebriana",29.3842848,-16.9143885
"Pilostigma Thonigilii/Monkey Bread",29.383536,-16.9172108
"Pilostigma Thonigilii/Monkey Bread",29.3834612,-16.9176029
"Pilostigma Thonigilii/Monkey Bread",29.3836639,-16.9178069
"Acacia Siebriana",29.383511,-16.9181631
"Pilostigma Thonigilii/Monkey Bread",29.3833053,-16.918141
"Acacia Siebriana",29.3833998,-16.9183397
"Pilostigma Thonigilii/Monkey Bread",29.3834371,-16.918549
"Acacia Siebriana",29.3835605,-16.9186335
"Acacia Siebriana",29.3834615,-16.9187456
"Pilostigma Thonigilii/Monkey Bread",29.3834434,-16.9189169
"Acacia Siebriana",29.3837953,-16.9189921
"Acacia Siebriana",29.3835237,-16.9194198
"Pilostigma Thonigilii/Monkey Bread",29.3833449,-16.9202805
"Acacia Siebriana",29.3832576,-16.9203506
"Pilostigma Thonigilii/Monkey Bread",29.3832724,-16.9204472
"Acacia Siebriana",29.3830995,-16.9189217
"Acacia Siebriana",29.3831759,-16.9186208
"Acacia Siebriana",29.383222,-16.9184641
"Acacia Siebriana",29.3832455,-16.918384
"Pilostigma Thonigilii/Monkey Bread",29.3827846,-16.91569
"Pilostigma Thonigilii/Monkey Bread",29.3828909,-16.9156913
"Pilostigma Thonigilii/Monkey Bread",29.3829714,-16.915689
"Pilostigma Thonigilii/Monkey Bread",29.3831937,-16.9157119
"Pilostigma Thonigilii/Monkey Bread",29.3848727,-16.9132138
"Acacia Siebriana",29.3851866,-16.9132742
"Pilostigma Thonigilii/Monkey Bread",29.3847765,-16.9122936
"Pilostigma Thonigilii/Monkey Bread",29.3839022,-16.9108466
"Pilostigma Thonigilii/Monkey Bread",29.3836257,-16.9109362
"Pilostigma Thonigilii/Monkey Bread",29.3832227,-16.9110383
"Pilostigma Thonigilii/Monkey Bread",29.38313,-16.9110536
"Pilostigma Thonigilii/Monkey Bread",29.3830101,-16.9111142
"Pilostigma Thonigilii/Monkey Bread",29.3826756,-16.9111074
"Pilostigma Thonigilii/Monkey Bread",29.3822867,-16.9112876
"Pilostigma Thonigilii/Monkey Bread",29.3822285,-16.9114242
"Pilostigma Thonigilii/Monkey Bread",29.3821883,-16.9114208
"Pilostigma Thonigilii/Monkey Bread",29.3821895,-16.9114216
"Pilostigma Thonigilii/Monkey Bread",29.3777752,-16.9118049
"None",29.375169,-16.914224
"Pilostigma Thonigilii/Monkey Bread",29.3743139,-16.9145092
"Pilostigma Thonigilii/Monkey Bread",29.3753166,-16.9103894
"Pilostigma Thonigilii/Monkey Bread",29.3758494,-16.9102358
"Pilostigma Thonigilii/Monkey Bread",29.3762967,-16.9091534
"Pilostigma Thonigilii/Monkey Bread",29.376277,-16.9091097
"Pilostigma Thonigilii/Monkey Bread",29.3762667,-16.9090394
"Pilostigma Thonigilii/Monkey Bread",29.3763477,-16.9090028
"Pilostigma Thonigilii/Monkey Bread",29.3763549,-16.9089595
"Waterberry",29.2958667,-16.7166626
"Waterberry",29.2939826,-16.717032
"Waterberry",29.2937424,-16.717144
"Acacia Polycantha",29.2970072,-16.7071582
"Red Mahogany",29.2966132,-16.7056212
"Acacia Polycantha",29.2954079,-16.7043933
"Pilostigma Thonigilii/Monkey Bread",29.2953292,-16.7042344
"Munyii/Bechemia discolor",29.2953713,-16.7038469
"Acacia Galpinii",29.2945689,-16.7024539
"Acacia Galpinii",29.2945589,-16.7023457
"Acacia Galpinii",29.2945316,-16.7023415
"Acacia Galpinii",29.2945319,-16.7023333
"Acacia Galpinii",29.2946914,-16.7021462
"Acacia Galpinii",29.2946278,-16.7018346
"Acacia Galpinii",29.2946034,-16.701832
"Acacia Galpinii",29.2944617,-16.7017801
"Acacia Polycantha",29.2967268,-16.7045432
"Kigelia Africana",29.2982244,-16.7072687
"Acacia Siebriana",29.6205798,-16.4641901
"Pilostigma Thonigilii/Monkey Bread",29.6205315,-16.4642235
"Pilostigma Thonigilii/Monkey Bread",29.6204747,-16.4644886
"Pilostigma Thonigilii/Monkey Bread",29.6204871,-16.4645677
"Pilostigma Thonigilii/Monkey Bread",29.6204848,-16.4647437
"Pilostigma Thonigilii/Monkey Bread",29.6205694,-16.4648581
"Pilostigma Thonigilii/Monkey Bread",29.6206063,-16.4649751
"Pilostigma Thonigilii/Monkey Bread",29.6206308,-16.4650998
"Pilostigma Thonigilii/Monkey Bread",29.6206591,-16.4651645
"Pilostigma Thonigilii/Monkey Bread",29.6206606,-16.4652755
"Pilostigma Thonigilii/Monkey Bread",29.6207057,-16.4655172
"Pilostigma Thonigilii/Monkey Bread",29.6207392,-16.4655582
"Pilostigma Thonigilii/Monkey Bread",29.6208271,-16.4656959
"Pilostigma Thonigilii/Monkey Bread",29.6209138,-16.465823
"Acacia Siebriana",29.6209972,-16.4659446
"Pilostigma Thonigilii/Monkey Bread",29.621163,-16.46638
"Pilostigma Thonigilii/Monkey Bread",29.621165,-16.4664097
"Pilostigma Thonigilii/Monkey Bread",29.6211663,-16.4666651
"Pilostigma Thonigilii/Monkey Bread",29.6212024,-16.4667434
"Pilostigma Thonigilii/Monkey Bread",29.6211783,-16.4667896
"Acacia Polycantha",29.6210447,-16.4670798
"Acacia Polycantha",29.6209708,-16.46728
"Acacia Polycantha",29.6208457,-16.4672818
"Pilostigma Thonigilii/Monkey Bread",29.620842,-16.467241
"Acacia Polycantha",29.6208754,-16.4672381
"Acacia Polycantha",29.6208643,-16.4672132
"Pilostigma Thonigilii/Monkey Bread",29.6207686,-16.4670772
"Acacia Polycantha",29.6206833,-16.4669526
"Pilostigma Thonigilii/Monkey Bread",29.6203717,-16.4666917
"Acacia Polycantha",29.6200674,-16.4666385
"Pilostigma Thonigilii/Monkey Bread",29.6196902,-16.4664786
"Acacia Polycantha",29.6194727,-16.466501
"Acacia Polycantha",29.6190027,-16.4658131
"Pilostigma Thonigilii/Monkey Bread",29.618385,-16.4652239
"Pilostigma Thonigilii/Monkey Bread",29.6180063,-16.4647179
"Pilostigma Thonigilii/Monkey Bread",29.6180854,-16.464721
"Pilostigma Thonigilii/Monkey Bread",29.6180842,-16.4646879
"Pilostigma Thonigilii/Monkey Bread",29.6181641,-16.4645729
"Pilostigma Thonigilii/Monkey Bread",29.6185338,-16.4642228
"Pilostigma Thonigilii/Monkey Bread",29.6190407,-16.4641517
"Pilostigma Thonigilii/Monkey Bread",29.6190739,-16.464174
"Pilostigma Thonigilii/Monkey Bread",29.6191249,-16.4641606
"Pilostigma Thonigilii/Monkey Bread",29.6191164,-16.4641363
"Pilostigma Thonigilii/Monkey Bread",29.6191013,-16.4641256
"Pilostigma Thonigilii/Monkey Bread",29.6190858,-16.4641388
"Pilostigma Thonigilii/Monkey Bread",29.618939,-16.4641334
"Pilostigma Thonigilii/Monkey Bread",29.6189075,-16.4641176
"Pilostigma Thonigilii/Monkey Bread",29.6187823,-16.4640531
"Pilostigma Thonigilii/Monkey Bread",29.6187535,-16.4640232
"Pilostigma Thonigilii/Monkey Bread",29.61872,-16.4640178
"Pilostigma Thonigilii/Monkey Bread",29.6187102,-16.4639935
"Pilostigma Thonigilii/Monkey Bread",29.618662,-16.4639815
"Pilostigma Thonigilii/Monkey Bread",29.6185907,-16.4639637
"Pilostigma Thonigilii/Monkey Bread",29.6182803,-16.4638294
"Pilostigma Thonigilii/Monkey Bread",29.6181503,-16.4637632
"Pilostigma Thonigilii/Monkey Bread",29.6181061,-16.4637454
"Pilostigma Thonigilii/Monkey Bread",29.6180279,-16.4636914
"Pilostigma Thonigilii/Monkey Bread",29.6179335,-16.4636386
"Pilostigma Thonigilii/Monkey Bread",29.6178707,-16.4635975
"Pilostigma Thonigilii/Monkey Bread",29.6177738,-16.4635431
"Pilostigma Thonigilii/Monkey Bread",29.6177554,-16.4635308
"Acacia Polycantha",29.5417012,-16.4691268
"Pilostigma Thonigilii/Monkey Bread",29.5420001,-16.4694636
"Acacia Siebriana",29.5422334,-16.4694043
"Pilostigma Thonigilii/Monkey Bread",29.542821,-16.4692278
"Acacia Polycantha",29.5429429,-16.4694507
"Acacia Siebriana",29.5270394,-16.5281499
"Pilostigma Thonigilii/Monkey Bread",29.5855276,-16.3876824
"Pilostigma Thonigilii/Monkey Bread",29.5709686,-16.4967734
"Pilostigma Thonigilii/Monkey Bread",29.5687476,-16.4954128
"Pilostigma Thonigilii/Monkey Bread",29.5686182,-16.4952973
"Pilostigma Thonigilii/Monkey Bread",29.5683876,-16.4952014
"Acacia Polycantha",29.5683009,-16.4950455
"Pilostigma Thonigilii/Monkey Bread",29.5677946,-16.4945899
"Pilostigma Thonigilii/Monkey Bread",29.5671759,-16.4941049
"Pilostigma Thonigilii/Monkey Bread",29.3962678,-16.9713312
"Pilostigma Thonigilii/Monkey Bread",29.3962251,-16.9713143
"Red Mahogany",29.3959131,-16.9713008
"Red Mahogany",29.3959117,-16.9713136
"Pilostigma Thonigilii/Monkey Bread",29.3958895,-16.9710447
"Pilostigma Thonigilii/Monkey Bread",29.39583,-16.9709217
"Pilostigma Thonigilii/Monkey Bread",29.395883,-16.9708695
"Pilostigma Thonigilii/Monkey Bread",29.3959173,-16.9707651
"Pilostigma Thonigilii/Monkey Bread",29.3959717,-16.9707128
"Pilostigma Thonigilii/Monkey Bread",29.3960207,-16.9705351
"Pilostigma Thonigilii/Monkey Bread",29.3961094,-16.9703312
"Pilostigma Thonigilii/Monkey Bread",29.3969521,-16.9702272
"Pilostigma Thonigilii/Monkey Bread",29.3969711,-16.9702458
"Trichilia Emetica",29.3972329,-16.9717428
"Acacia Siebriana",29.3972476,-16.9719321
"Pilostigma Thonigilii/Monkey Bread",29.3973409,-16.9720298
"Pilostigma Thonigilii/Monkey Bread",29.3972191,-16.972112
"Pilostigma Thonigilii/Monkey Bread",29.3970648,-16.9723567
"Trichilia Emetica",29.3972347,-16.972478
"Trichilia Emetica",29.3972423,-16.9725018
"Trichilia Emetica",29.3972228,-16.9725811
"Trichilia Emetica",29.3971773,-16.972584
"Pilostigma Thonigilii/Monkey Bread",29.3965298,-16.9732043
"Red Mahogany",29.3963057,-16.9732652
"Red Mahogany",29.3961193,-16.9734223
"Red Mahogany",29.3960844,-16.97342
"Trichilia Emetica",29.3960939,-16.9734738
"Pilostigma Thonigilii/Monkey Bread",29.3961049,-16.9735497
"Red Mahogany",29.3959887,-16.9735967
"Red Mahogany",29.3957591,-16.9735008
"Red Mahogany",29.3947001,-16.9741641
"Trichilia Emetica",29.3940951,-16.9742912
"Munyii/Bechemia discolor",29.3938837,-16.9743583
"Pilostigma Thonigilii/Monkey Bread",29.3935483,-16.9749797
"Pilostigma Thonigilii/Monkey Bread",29.3936461,-16.9751759
"Acacia Siebriana",29.393715,-16.9756988
"Pilostigma Thonigilii/Monkey Bread",29.3936421,-16.9757446
"Trichilia Emetica",29.393674,-16.9765362
"Kigelia Africana",29.3936249,-16.9765716
"Munyii/Bechemia discolor",29.3935267,-16.9766019
"Pilostigma Thonigilii/Monkey Bread",29.3947073,-16.9771126
"Acacia Siebriana",29.3954279,-16.9793279
"Acacia Siebriana",29.3954389,-16.9793868
"Acacia Siebriana",29.395578,-16.9794505
"Acacia Siebriana",29.3956668,-16.9794721
"Acacia Siebriana",29.3958974,-16.9794602
"Acacia Siebriana",29.398179,-16.9793983
"Acacia Siebriana",29.3975956,-16.9796798
"Pilostigma Thonigilii/Monkey Bread",29.3971657,-16.9799566
"Acacia Siebriana",29.3965204,-16.9806992
"Acacia Siebriana",29.3958214,-16.9807989
"Acacia Siebriana",29.3951317,-16.9812983
"Pilostigma Thonigilii/Monkey Bread",29.3946325,-16.9816564
"Pilostigma Thonigilii/Monkey Bread",29.3943922,-16.9819911
"Pilostigma Thonigilii/Monkey Bread",29.3939844,-16.9826563
"Acacia Siebriana",29.3934635,-16.9831263
"Kigelia Africana",29.3924448,-16.9839959
"Acacia Siebriana",29.3923602,-16.9841428
"Trichilia Emetica",29.3922056,-16.984358
"Pilostigma Thonigilii/Monkey Bread",29.3920609,-16.9844337
"Red Mahogany",29.391703,-16.9846432
"Pilostigma Thonigilii/Monkey Bread",29.3914915,-16.9847397
"Kigelia Africana",29.3913635,-16.9846291
"Pilostigma Thonigilii/Monkey Bread",29.3915665,-16.9845606
"Kigelia Africana",29.3915226,-16.9845525
"Pilostigma Thonigilii/Monkey Bread",29.3907,-16.9836871
"Red Mahogany",29.3909157,-16.9831319
"Acacia Siebriana",29.3910099,-16.9828903
"Pilostigma Thonigilii/Monkey Bread",29.3910317,-16.9828516
"Red Mahogany",29.3910004,-16.9827496
"Pilostigma Thonigilii/Monkey Bread",29.3910686,-16.9826956
"Pilostigma Thonigilii/Monkey Bread",29.3910437,-16.9826734
"Pilostigma Thonigilii/Monkey Bread",29.3910657,-16.9825588
"Pilostigma Thonigilii/Monkey Bread",29.3911709,-16.9824456
"Trichilia Emetica",29.3912295,-16.9810137
"Pilostigma Thonigilii/Monkey Bread",29.3913972,-16.9805183
"Pilostigma Thonigilii/Monkey Bread",29.3914379,-16.980427
"Red Mahogany",29.3909656,-16.9791864
"Pilostigma Thonigilii/Monkey Bread",29.3905382,-16.9786433
"Pilostigma Thonigilii/Monkey Bread",29.390471,-16.9787003
"Trichilia Emetica",29.3906422,-16.978688
"Pilostigma Thonigilii/Monkey Bread",29.3907337,-16.9786204
"Pilostigma Thonigilii/Monkey Bread",29.3909472,-16.9784504
"Pilostigma Thonigilii/Monkey Bread",29.3910168,-16.9784394
"Pilostigma Thonigilii/Monkey Bread",29.3911729,-16.9783782
"Pilostigma Thonigilii/Monkey Bread",29.3912843,-16.9783392
"Pilostigma Thonigilii/Monkey Bread",29.391335,-16.9783644
"Pilostigma Thonigilii/Monkey Bread",29.3913806,-16.978357
"Pilostigma Thonigilii/Monkey Bread",29.3914107,-16.9783548
"Pilostigma Thonigilii/Monkey Bread",29.3913417,-16.978284
"Pilostigma Thonigilii/Monkey Bread",29.3913293,-16.9782395
"Pilostigma Thonigilii/Monkey Bread",29.3913839,-16.9781992
"Pilostigma Thonigilii/Monkey Bread",29.3913524,-16.9781049
"Pilostigma Thonigilii/Monkey Bread",29.3912417,-16.9781404
"Pilostigma Thonigilii/Monkey Bread",29.3912612,-16.9780564
"Pilostigma Thonigilii/Monkey Bread",29.3911827,-16.9779789
"Pilostigma Thonigilii/Monkey Bread",29.3914862,-16.9779549
"Pilostigma Thonigilii/Monkey Bread",29.3915005,-16.9779191
"Pilostigma Thonigilii/Monkey Bread",29.3915144,-16.977849
"Pilostigma Thonigilii/Monkey Bread",29.391538,-16.9778132
"Pilostigma Thonigilii/Monkey Bread",29.3914776,-16.9776979
"Pilostigma Thonigilii/Monkey Bread",29.3915312,-16.9776724
"Pilostigma Thonigilii/Monkey Bread",29.3915025,-16.9776066
"Pilostigma Thonigilii/Monkey Bread",29.3916353,-16.9776555
"Red Mahogany",29.3925783,-16.9764733
"Acacia Polycantha",29.4595882,-16.998838
"Acacia Polycantha",29.4596408,-16.9986848
"Kigelia Africana",29.4596664,-16.9986527
"Kigelia Africana",29.459916,-16.9987249
"Kigelia Africana",29.460223,-16.9986765
"Kigelia Africana",29.4594498,-16.998531
"Kigelia Africana",29.4591659,-16.998134
"Kigelia Africana",29.4594751,-16.9980948
"Kigelia Africana",29.4597068,-16.9984173
"Kigelia Africana",29.4597367,-16.9984073
"Kigelia Africana",29.4598233,-16.9983299
"Acacia Polycantha",29.4601187,-16.9982097
"Acacia Polycantha",29.460122,-16.9981162
"Fidebhia Abida",29.4602386,-16.9980746
"Fidebhia Abida",29.4603038,-16.9982241
"Fidebhia Abida",29.4602818,-16.9980079
"Pilostigma Thonigilii/Monkey Bread",29.4608138,-16.9976165
"Pilostigma Thonigilii/Monkey Bread",29.4607448,-16.9974042
"Pilostigma Thonigilii/Monkey Bread",29.460763,-16.9967801
"Pilostigma Thonigilii/Monkey Bread",29.4609606,-16.9963029
"Pilostigma Thonigilii/Monkey Bread",29.5905022,-16.4399134
"Acacia Polycantha",29.5903331,-16.43995
"Acacia Polycantha",29.5903197,-16.4399233
"Acacia Polycantha",29.5902315,-16.439925
"Acacia Polycantha",29.5901928,-16.440005
"Acacia Polycantha",29.5901513,-16.4399996
"Pilostigma Thonigilii/Monkey Bread",29.59015,-16.4398833
"Acacia Polycantha",29.5901439,-16.4396948
"Pilostigma Thonigilii/Monkey Bread",29.5901519,-16.4395691
"Acacia Polycantha",29.5902114,-16.4394253
"Acacia Polycantha",29.5899602,-16.4387391
"Acacia Polycantha",29.5900486,-16.4387488
"Pilostigma Thonigilii/Monkey Bread",29.591125,-16.4369639
"Pilostigma Thonigilii/Monkey Bread",29.5911672,-16.435386
"Pilostigma Thonigilii/Monkey Bread",29.5923176,-16.4319527
"Acacia Polycantha",29.59232,-16.4319034
"Pilostigma Thonigilii/Monkey Bread",29.5932203,-16.4308083
"Pilostigma Thonigilii/Monkey Bread",29.5932613,-16.4306724
"Munyii/Bechemia discolor",29.0402175,-17.0266393
"Munyii/Bechemia discolor",29.0411683,-17.0270666
"Munyii/Bechemia discolor",29.0411854,-17.0271118
"Munyii/Bechemia discolor",29.041054,-17.0283976
"Munyii/Bechemia discolor",29.0410286,-17.0283876
"Pilostigma Thonigilii/Monkey Bread",29.0407927,-17.0294544
"Munyii/Bechemia discolor",29.0408397,-17.0299592
"Munyii/Bechemia discolor",29.0415646,-17.0300577
"Munyii/Bechemia discolor",29.0415268,-17.0304839
"Pilostigma Thonigilii/Monkey Bread",29.0424149,-17.0303197
"Munyii/Bechemia discolor",29.0425392,-17.0305594
"Munyii/Bechemia discolor",29.0427425,-17.0300152
"Pilostigma Thonigilii/Monkey Bread",29.0430572,-17.0298131
"Pilostigma Thonigilii/Monkey Bread",29.0433339,-17.0295625
"Pilostigma Thonigilii/Monkey Bread",29.0428895,-17.0291688
"Munyii/Bechemia discolor",29.0427279,-17.0284487
"Munyii/Bechemia discolor",29.0428049,-17.0284421
"Pilostigma Thonigilii/Monkey Bread",29.0427485,-17.0284337
"Pilostigma Thonigilii/Monkey Bread",29.0425507,-17.0284071
"Munyii/Bechemia discolor",29.0424612,-17.0279308
"Munyii/Bechemia discolor",29.04249,-17.0278886
"Munyii/Bechemia discolor",29.0428804,-17.0277835
"Acacia Siebriana",29.0440436,-17.027576
"Pilostigma Thonigilii/Monkey Bread",29.0440611,-17.0275831
"Pilostigma Thonigilii/Monkey Bread",29.0442561,-17.0279487
"Munyii/Bechemia discolor",29.0465218,-17.028339
"Munyii/Bechemia discolor",29.047162,-17.027113
"Pilostigma Thonigilii/Monkey Bread",29.0474907,-17.0252372
"Munyii/Bechemia discolor",29.0514013,-17.0230131
"Munyii/Bechemia discolor",29.0515016,-17.0230949
"Kigelia Africana",29.0517193,-17.0239811
"Munyii/Bechemia discolor",29.0513147,-17.0223449
"Pilostigma Thonigilii/Monkey Bread",29.6167555,-16.463709
"Pilostigma Thonigilii/Monkey Bread",29.6162443,-16.4638044
"Pilostigma Thonigilii/Monkey Bread",29.6160442,-16.4639024
"Pilostigma Thonigilii/Monkey Bread",29.6156763,-16.4636157
"Pilostigma Thonigilii/Monkey Bread",29.6151717,-16.4633291
"Pilostigma Thonigilii/Monkey Bread",29.6149099,-16.463207
"Pilostigma Thonigilii/Monkey Bread",29.6147235,-16.4630297
"Waterberry",29.6138328,-16.4627014
"Red Mahogany",29.6125383,-16.4619756
"Pilostigma Thonigilii/Monkey Bread",29.6131429,-16.464228
"Pilostigma Thonigilii/Monkey Bread",29.6135518,-16.4641311
"Red Mahogany",29.6137225,-16.4642183
"Red Mahogany",29.6137678,-16.4641647
"Pilostigma Thonigilii/Monkey Bread",29.6139412,-16.4641612
"Pilostigma Thonigilii/Monkey Bread",29.6139853,-16.4641549
"Pilostigma Thonigilii/Monkey Bread",29.6141113,-16.4642296
"Pilostigma Thonigilii/Monkey Bread",29.6147561,-16.4641946
"Pilostigma Thonigilii/Monkey Bread",29.6152545,-16.4642216
"Pilostigma Thonigilii/Monkey Bread",29.6153345,-16.4641655
"Pilostigma Thonigilii/Monkey Bread",29.6155207,-16.4641302
"Pilostigma Thonigilii/Monkey Bread",29.6157132,-16.4640804
"Pilostigma Thonigilii/Monkey Bread",29.6159425,-16.4640046
"Pilostigma Thonigilii/Monkey Bread",29.6159694,-16.4639599
"Acacia Galpinii",29.8370644,-16.5584524
"Pilostigma Thonigilii/Monkey Bread",29.8371677,-16.5584827
"Pilostigma Thonigilii/Monkey Bread",29.8391485,-16.5572564
"Waterberry",29.8396119,-16.5579614
"Pilostigma Thonigilii/Monkey Bread",29.8394974,-16.5584183
"Waterberry",29.8394575,-16.558692
"Waterberry",29.8394535,-16.5587815
"Waterberry",29.8394691,-16.5588146
"Waterberry",29.8391152,-16.5592443
"Pilostigma Thonigilii/Monkey Bread",29.8363725,-16.5589532
"Pilostigma Thonigilii/Monkey Bread",29.8361711,-16.5588118
"Acacia Polycantha",29.6280635,-16.473866
"Acacia Siebriana",29.6286557,-16.4735339
"Acacia Siebriana",29.6294149,-16.4734683
"Pilostigma Thonigilii/Monkey Bread",29.6313496,-16.4738432
"Pilostigma Thonigilii/Monkey Bread",29.6233125,-16.4748404
"Acacia Polycantha",29.6233287,-16.474898
"Acacia Polycantha",29.6233949,-16.4749092
"Acacia Polycantha",29.6234509,-16.4748886
"Acacia Polycantha",29.6234867,-16.4749141
"Acacia Polycantha",29.6234463,-16.4748545
"Acacia Polycantha",29.6235223,-16.4747624
"Acacia Polycantha",29.6234306,-16.4747953
"Acacia Polycantha",29.6234099,-16.4745995
"Acacia Polycantha",29.6235128,-16.4745344
"Acacia Polycantha",29.6235526,-16.4744659
"Acacia Siebriana",29.6234308,-16.4744376
"Acacia Polycantha",29.6234167,-16.4744454
"Acacia Siebriana",29.6234096,-16.4744187
"Acacia Polycantha",29.623337,-16.4744758
"Acacia Siebriana",29.6233454,-16.4744981
"Acacia Siebriana",29.6233173,-16.4745039
"Acacia Siebriana",29.6233866,-16.474331
"Acacia Siebriana",29.6233901,-16.4742942
"Acacia Polycantha",29.6234212,-16.4741723
"Acacia Polycantha",29.6234463,-16.4741797
"Acacia Polycantha",29.6234873,-16.4742497
"Acacia Polycantha",29.6236089,-16.4743488
"Acacia Polycantha",29.6236667,-16.4742362
"Pilostigma Thonigilii/Monkey Bread",29.6236282,-16.4742218
"Acacia Polycantha",29.6236014,-16.4741417
"Acacia Polycantha",29.6236841,-16.4740655
"Pilostigma Thonigilii/Monkey Bread",29.6236956,-16.4740395
"Acacia Polycantha",29.6236874,-16.4739934
"Acacia Polycantha",29.6237276,-16.4739855
"Acacia Polycantha",29.6236531,-16.4739703
"Acacia Polycantha",29.6236172,-16.4739739
"Acacia Siebriana",29.6234828,-16.4740184
"Acacia Polycantha",29.5834404,-16.5731758
"Acacia Polycantha",29.6234042,-16.4739897
"Acacia Polycantha",29.623317,-16.4740744
"Acacia Polycantha",29.6232837,-16.4740532
"Acacia Polycantha",29.6232556,-16.4741029
"Acacia Polycantha",29.6232346,-16.4740882
"Pilostigma Thonigilii/Monkey Bread",29.6234292,-16.4749989
"Acacia Polycantha",29.6234208,-16.4750232
"Acacia Polycantha",29.6236055,-16.4749467
"Pilostigma Thonigilii/Monkey Bread",29.6236244,-16.4749301
"Acacia Polycantha",29.6235959,-16.4748789
"Pilostigma Thonigilii/Monkey Bread",29.6236089,-16.474847
"Acacia Polycantha",29.6236418,-16.4747551
"Acacia Siebriana",29.6237069,-16.4747323
"Pilostigma Thonigilii/Monkey Bread",29.62372,-16.4747967
"Acacia Polycantha",29.6237562,-16.4748597
"Acacia Polycantha",29.6238171,-16.4748781
"Pilostigma Thonigilii/Monkey Bread",29.6238598,-16.4749679
"Pilostigma Thonigilii/Monkey Bread",29.6239492,-16.4749595
"Acacia Polycantha",29.6239701,-16.4748965
"Pilostigma Thonigilii/Monkey Bread",29.6239621,-16.4748401
"Acacia Polycantha",29.6240818,-16.4746552
"Acacia Siebriana",29.6240081,-16.4744639
"Pilostigma Thonigilii/Monkey Bread",29.6239458,-16.4744398
"Acacia Polycantha",29.6239874,-16.4743188
"Pilostigma Thonigilii/Monkey Bread",29.6238439,-16.4742819
"Pilostigma Thonigilii/Monkey Bread",29.6238149,-16.4742961
"Pilostigma Thonigilii/Monkey Bread",29.6238638,-16.4741821
"Pilostigma Thonigilii/Monkey Bread",29.6238391,-16.4741671
"Acacia Polycantha",29.6237448,-16.4741936
"Pilostigma Thonigilii/Monkey Bread",29.6237408,-16.4740957
"Acacia Polycantha",29.6237784,-16.4740419
"Pilostigma Thonigilii/Monkey Bread",29.6648587,-16.3894324
"Acacia Polycantha",29.6645117,-16.3892813
"Acacia Polycantha",29.6644395,-16.3892154
"Acacia Polycantha",29.6640603,-16.3890562
"Acacia Polycantha",29.6641417,-16.3890373
"Pilostigma Thonigilii/Monkey Bread",29.6644569,-16.389259
"Pilostigma Thonigilii/Monkey Bread",29.6650039,-16.3894786
"Acacia Polycantha",29.6660793,-16.3901769
"Pilostigma Thonigilii/Monkey Bread",29.6706484,-16.3930705
"Acacia Galpinii",29.670668,-16.3932184
"Acacia Galpinii",29.6707864,-16.3935736
"Acacia Polycantha",29.6716004,-16.4018832
"Pilostigma Thonigilii/Monkey Bread",29.6591801,-16.398584
"Pilostigma Thonigilii/Monkey Bread",29.5605853,-16.489693
"Pilostigma Thonigilii/Monkey Bread",29.5602972,-16.4866038
"Pilostigma Thonigilii/Monkey Bread",29.5602408,-16.4864687
"Pilostigma Thonigilii/Monkey Bread",29.5598749,-16.4863521
"Acacia Polycantha",29.6100543,-16.4321333
"Acacia Polycantha",29.6087728,-16.4316518
"Acacia Polycantha",29.6087728,-16.4316518
"Acacia Polycantha",29.6087728,-16.4316518
"Acacia Polycantha",29.6087728,-16.4316518
"Acacia Polycantha",29.6087728,-16.4316518
"Acacia Polycantha",29.6087728,-16.4316518
"Acacia Polycantha",29.6087728,-16.4316518
"Acacia Polycantha",29.5503398,-16.477521
"Acacia Polycantha",29.5502558,-16.4774577
"Acacia Polycantha",29.5501827,-16.4774067
"Pilostigma Thonigilii/Monkey Bread",29.5500172,-16.4771948
"Pilostigma Thonigilii/Monkey Bread",29.1857596,-17.051007
"Pilostigma Thonigilii/Monkey Bread",29.185788,-17.051108
"Pilostigma Thonigilii/Monkey Bread",29.1865808,-17.0516469
"Pilostigma Thonigilii/Monkey Bread",29.187322,-17.0510138
"Pilostigma Thonigilii/Monkey Bread",29.1873436,-17.0510159
"Acacia Siebriana",29.1886678,-17.0493277
"Pilostigma Thonigilii/Monkey Bread",29.1886612,-17.0493232
"Pilostigma Thonigilii/Monkey Bread",29.1892341,-17.0488245
"Pilostigma Thonigilii/Monkey Bread",29.1896395,-17.0487301
"Pilostigma Thonigilii/Monkey Bread",29.1897944,-17.0493405
"Pilostigma Thonigilii/Monkey Bread",29.1898344,-17.0494334
"Pilostigma Thonigilii/Monkey Bread",29.1898682,-17.0494716
"Pilostigma Thonigilii/Monkey Bread",29.1898971,-17.049847
"Pilostigma Thonigilii/Monkey Bread",29.1899152,-17.0498788
"Pilostigma Thonigilii/Monkey Bread",29.1894778,-17.048985
"Pilostigma Thonigilii/Monkey Bread",29.1894644,-17.0489435
"Pilostigma Thonigilii/Monkey Bread",29.1894174,-17.0487708
"Pilostigma Thonigilii/Monkey Bread",29.1894886,-17.04864
"Pilostigma Thonigilii/Monkey Bread",29.1894996,-17.0485974
"Pilostigma Thonigilii/Monkey Bread",29.189533,-17.0485639
"Pilostigma Thonigilii/Monkey Bread",29.1895557,-17.0485313
"Pilostigma Thonigilii/Monkey Bread",29.189578,-17.0485068
"Pilostigma Thonigilii/Monkey Bread",29.1896185,-17.0484414
"Pilostigma Thonigilii/Monkey Bread",29.1896882,-17.0484842
"Pilostigma Thonigilii/Monkey Bread",29.189612,-17.0484051
"Acacia Siebriana",29.1896014,-17.0483772
"Pilostigma Thonigilii/Monkey Bread",29.1895554,-17.0483527
"Pilostigma Thonigilii/Monkey Bread",29.1895192,-17.048505
"Pilostigma Thonigilii/Monkey Bread",29.1894672,-17.0484982
"Pilostigma Thonigilii/Monkey Bread",29.1894584,-17.0484918
"Acacia Siebriana",29.1894584,-17.0484821
"Acacia Siebriana",29.189465,-17.0485574
"Acacia Siebriana",29.1894336,-17.0485538
"Pilostigma Thonigilii/Monkey Bread",29.1894002,-17.0485755
"Acacia Siebriana",29.1883012,-17.049376
"Pilostigma Thonigilii/Monkey Bread",29.1876307,-17.0497125
"Pilostigma Thonigilii/Monkey Bread",29.18753,-17.0497469
"Pilostigma Thonigilii/Monkey Bread",29.1872437,-17.0499451
"Pilostigma Thonigilii/Monkey Bread",29.1871759,-17.0499423
"Pilostigma Thonigilii/Monkey Bread",29.1871781,-17.0500289
"Pilostigma Thonigilii/Monkey Bread",29.1871875,-17.0500519
"Pilostigma Thonigilii/Monkey Bread",29.187185,-17.050075
"Pilostigma Thonigilii/Monkey Bread",29.1871724,-17.0500849
"Pilostigma Thonigilii/Monkey Bread",29.187018,-17.0501753
"Pilostigma Thonigilii/Monkey Bread",29.1867872,-17.0502756
"Pilostigma Thonigilii/Monkey Bread",29.1865452,-17.0504663
"Acacia Galpinii",29.2723575,-16.6949775
"Acacia Galpinii",29.2728465,-16.6946577
"Fidebhia Abida",29.2732149,-16.6946399
"Pilostigma Thonigilii/Monkey Bread",29.2732102,-16.6946382
"Red Mahogany",29.2731791,-16.6946325
"Fidebhia Abida",29.272737,-16.6953107
"Acacia Galpinii",29.2714765,-16.6974795
"Pilostigma Thonigilii/Monkey Bread",29.2710275,-16.6978484
"Pilostigma Thonigilii/Monkey Bread",29.2710189,-16.6978293
"Acacia Galpinii",29.2724234,-16.6958548
"Acacia Galpinii",29.2708068,-16.6994611
"Munyii/Bechemia discolor",29.2696137,-16.7005586
"Pilostigma Thonigilii/Monkey Bread",29.269256,-16.7011103
"Acacia Galpinii",29.2694306,-16.7023044
"Fidebhia Abida",29.2693943,-16.702321
"Acacia Galpinii",29.2693943,-16.702321
"Acacia Polycantha",29.2693943,-16.702321
"Acacia Galpinii",29.270135,-16.7004469
"Munyii/Bechemia discolor",29.2705427,-16.7027227
"Fidebhia Abida",29.27054,-16.7026848
"Acacia Galpinii",29.2703799,-16.7025124
"Munyii/Bechemia discolor",29.2699778,-16.7020206
"Acacia Polycantha",29.4336358,-16.4037347
"Pilostigma Thonigilii/Monkey Bread",29.4656078,-16.3737851
"Pilostigma Thonigilii/Monkey Bread",29.4643652,-16.3734057
"Pilostigma Thonigilii/Monkey Bread",29.4638756,-16.3733417
"Acacia Polycantha",29.463644,-16.3733626
"Pilostigma Thonigilii/Monkey Bread",29.4634712,-16.3733648
"Pilostigma Thonigilii/Monkey Bread",29.4630759,-16.3733322
"Acacia Polycantha",29.4628029,-16.3733083
"Pilostigma Thonigilii/Monkey Bread",29.4625815,-16.3732455
"Acacia Polycantha",29.4621696,-16.3730367
"Acacia Siebriana",29.4619076,-16.3726669
"Acacia Polycantha",29.4617659,-16.3724808
"Acacia Polycantha",29.4615908,-16.3722348
"Pilostigma Thonigilii/Monkey Bread",29.4614381,-16.3719327
"Acacia Siebriana",29.461403,-16.3717716
"Pilostigma Thonigilii/Monkey Bread",29.4613449,-16.3715424
"Acacia Polycantha",29.4613238,-16.3710925
"Acacia Siebriana",29.4605357,-16.3702649
"Acacia Siebriana",29.4600323,-16.3700589
"Pilostigma Thonigilii/Monkey Bread",29.4593105,-16.3696898
"Acacia Siebriana",29.4592861,-16.36922
"Kigelia Africana",29.4593502,-16.3691574
"Pilostigma Thonigilii/Monkey Bread",29.4585676,-16.3689619
"Acacia Polycantha",29.4580829,-16.3683228
"Acacia Polycantha",29.4575028,-16.3679282
"Acacia Polycantha",29.4568766,-16.3680882
"Acacia Siebriana",29.4564411,-16.368073
"Red Mahogany",29.4552257,-16.3685579
"Munyii/Bechemia discolor",29.4552611,-16.3687999
"Pilostigma Thonigilii/Monkey Bread",29.4542657,-16.3685331
"Kigelia Africana",29.4535167,-16.3681497
"Acacia Polycantha",29.4540427,-16.3679414
"Acacia Siebriana",29.4667624,-16.3755212
"Acacia Polycantha",29.466568,-16.3759005
"Acacia Polycantha",29.4657911,-16.3785622
"Acacia Polycantha",29.4635286,-16.3843657
"Acacia Polycantha",29.4634401,-16.3844744
"Pilostigma Thonigilii/Monkey Bread",29.4633227,-16.3846458
"Acacia Siebriana",29.4632841,-16.3847041
"Pilostigma Thonigilii/Monkey Bread",29.4630288,-16.3850608
"Acacia Siebriana",29.3811069,-16.3758896
"Acacia Siebriana",29.4619779,-16.3865439
"Acacia Polycantha",29.6114754,-16.4208277
"Pilostigma Thonigilii/Monkey Bread",29.7118845,-16.37418
"Acacia Polycantha",29.7115201,-16.3774993
"Pilostigma Thonigilii/Monkey Bread",29.7113849,-16.3776599
"Acacia Polycantha",29.7113723,-16.3777004
"Acacia Siebriana",29.7113306,-16.3777213
"Pilostigma Thonigilii/Monkey Bread",29.7113482,-16.3777251
"Pilostigma Thonigilii/Monkey Bread",29.7111065,-16.3779088
"Pilostigma Thonigilii/Monkey Bread",29.7110713,-16.377907
"Pilostigma Thonigilii/Monkey Bread",29.7110771,-16.3778928
"Pilostigma Thonigilii/Monkey Bread",29.7111134,-16.3778758
"Pilostigma Thonigilii/Monkey Bread",29.7110143,-16.3778655
"Pilostigma Thonigilii/Monkey Bread",29.7110182,-16.3778898
"Acacia Siebriana",29.7110287,-16.3778959
"Pilostigma Thonigilii/Monkey Bread",29.7110317,-16.3779486
"Pilostigma Thonigilii/Monkey Bread",29.7110542,-16.3779883
"Pilostigma Thonigilii/Monkey Bread",29.7110346,-16.3780148
"Pilostigma Thonigilii/Monkey Bread",29.711009,-16.3780094
"Pilostigma Thonigilii/Monkey Bread",29.7109438,-16.3780107
"Acacia Siebriana",29.7109207,-16.3778997
"Acacia Siebriana",29.7109101,-16.377893
"Acacia Siebriana",29.7109337,-16.3778678
"Acacia Siebriana",29.7108618,-16.3778649
"Acacia Polycantha",29.7108706,-16.3778435
"Acacia Polycantha",29.7108627,-16.3778321
"Acacia Polycantha",29.7108264,-16.3778098
"Acacia Polycantha",29.7108265,-16.3777801
"Acacia Polycantha",29.7108307,-16.3777883
"Acacia Siebriana",29.7108011,-16.3777962
"Acacia Polycantha",29.7108309,-16.377826
"Acacia Polycantha",29.7108228,-16.3778456
"Acacia Polycantha",29.7108114,-16.3778707
"Acacia Polycantha",29.7107905,-16.3778791
"Acacia Polycantha",29.7107892,-16.3778877
"Acacia Siebriana",29.7107846,-16.3779052
"Acacia Polycantha",29.7107973,-16.377907
"Acacia Polycantha",29.7108132,-16.3779196
"Pilostigma Thonigilii/Monkey Bread",29.7108103,-16.3779968
"Acacia Siebriana",29.7108138,-16.3780017
"Pilostigma Thonigilii/Monkey Bread",29.7109736,-16.3781491
"Pilostigma Thonigilii/Monkey Bread",29.711016,-16.3781373
"Pilostigma Thonigilii/Monkey Bread",29.7110274,-16.3781053
"Acacia Siebriana",29.7110816,-16.3780703
"Pilostigma Thonigilii/Monkey Bread",29.7110995,-16.3780788
"Pilostigma Thonigilii/Monkey Bread",29.7111222,-16.3780813
"Pilostigma Thonigilii/Monkey Bread",29.7111946,-16.3780773
"Pilostigma Thonigilii/Monkey Bread",29.7112322,-16.3781472
"Acacia Polycantha",29.7112828,-16.378216
"Acacia Polycantha",29.7113499,-16.3782944
"Acacia Polycantha",29.7114189,-16.3783319
"Acacia Polycantha",29.7114136,-16.3783206
"Acacia Polycantha",29.7114175,-16.3783367
"Acacia Polycantha",29.7114657,-16.378352
"Pilostigma Thonigilii/Monkey Bread",29.71163,-16.3782037
"Acacia Polycantha",29.7115049,-16.3783022
"Acacia Polycantha",29.7115309,-16.378326
"Acacia Polycantha",29.7113784,-16.3785991
"Acacia Polycantha",29.7118079,-16.3785378
"Acacia Polycantha",29.7118018,-16.3785368
"Acacia Polycantha",29.7118264,-16.3785995
"Acacia Polycantha",29.7119013,-16.378604
"Acacia Polycantha",29.7118896,-16.3785454
"Acacia Polycantha",29.7118915,-16.3785134
"Acacia Polycantha",29.7118917,-16.3785153
"Acacia Polycantha",29.7118992,-16.3785078
"Acacia Polycantha",29.7119685,-16.3785028
"Acacia Polycantha",29.7119541,-16.3785498
"Acacia Polycantha",29.7120063,-16.3785519
"Acacia Polycantha",29.7120408,-16.3785265
"Acacia Polycantha",29.7120343,-16.378514
"Acacia Polycantha",29.71207,-16.3785031
"Acacia Polycantha",29.7120768,-16.3784994
"Acacia Polycantha",29.7120423,-16.3784755
"Acacia Polycantha",29.7120491,-16.3784236
"Acacia Polycantha",29.7119935,-16.3784683
"Acacia Polycantha",29.7119552,-16.3784494
"Acacia Polycantha",29.7119167,-16.3784369
"Acacia Polycantha",29.71189,-16.3784145
"Acacia Polycantha",29.7118738,-16.3784079
"Acacia Polycantha",29.7118556,-16.3783969
"Acacia Polycantha",29.7118312,-16.3783805
"Acacia Polycantha",29.7118156,-16.3783846
"Acacia Polycantha",29.7118158,-16.3783847
"Acacia Polycantha",29.712069,-16.3785247
"Acacia Polycantha",29.7120764,-16.3785226
"Acacia Polycantha",29.7120653,-16.378543
"Acacia Polycantha",29.7120668,-16.3785752
"Acacia Polycantha",29.7120856,-16.3786069
"Acacia Polycantha",29.7121073,-16.37863
"Acacia Polycantha",29.7121178,-16.3786598
"Acacia Polycantha",29.7121627,-16.3786632
"Acacia Polycantha",29.7121975,-16.3786737
"Acacia Polycantha",29.7122265,-16.3786859
"Acacia Polycantha",29.71225,-16.3787042
"Acacia Polycantha",29.712251,-16.3786628
"Acacia Polycantha",29.7122502,-16.3786235
"Acacia Polycantha",29.7122634,-16.378585
"Acacia Polycantha",29.7122721,-16.3785684
"Acacia Polycantha",29.7122957,-16.378572
"Acacia Polycantha",29.7123192,-16.3785831
"Acacia Polycantha",29.7123394,-16.3785851
"Acacia Polycantha",29.7123366,-16.378557
"Acacia Polycantha",29.7123306,-16.3785269
"Acacia Polycantha",29.7122928,-16.3785278
"Acacia Polycantha",29.7122695,-16.378508
"Acacia Polycantha",29.7122903,-16.3784865
"Acacia Polycantha",29.7123239,-16.3784918
"Acacia Polycantha",29.7123575,-16.3784915
"Acacia Polycantha",29.7123333,-16.3784588
"Acacia Polycantha",29.7122915,-16.3784463
"Acacia Polycantha",29.7122554,-16.3784378
"Acacia Polycantha",29.7122479,-16.3784077
"Acacia Polycantha",29.7122409,-16.3783776
"Acacia Polycantha",29.7122572,-16.3783764
"Pilostigma Thonigilii/Monkey Bread",29.7129763,-16.37781
